由此可见 ， 练习 与 理解 不是 截然 对立 的 ， 而是 相辅相成 的 。	截然	d	6	完全 迥然 相互 全部 互相
相
截然 相 互相 完全 迥然 不 完美 虽然
次日 上课 我 走进 教室 ， 孩子 们 早已 在 兴致勃勃 地 等 着 ， 看见 我 手里 的 游戏 器具 分外 高兴 。	分外	d	21	非常 更加 十分 特别 很 异常 格外 万分 十二分 倍感 倍儿
特别
特别 很 分外 非常 十分 外 分内 分别 非分
他 在 诅咒 那些 家伙 时 ， 提到 伤心 处 ， 竟 也 声泪俱下 ， 其 悲愤 之态 ， 委实 感人 。	委实	d	19	实在 十分 确实 的确 真的 真 着实 属实 确乎
实在
实在 确实 委实 真是 真实 实 难以 委 难得
一个 精干 而 勇健 的 舞者 定然 可以 给 女性 的 观众 一个 深刻 的 印象 。	定然	d	6	一定 必定 肯定 必定 必然 固然
肯定
肯定 当然 必定 定然 必然 必须 定
中国 年轻 的 父母 会花 数千元 学 开车 或 把 自己 孩子 送到 培训 机构 ， 却 鲜有 自己 参加 家庭教育 培训 。	鲜有	d	17	没有 很少 少有 少见 几乎没有 特别少 难得 鲜见 偶尔
没有
没有 鲜有 罕见 没 未 少有 鲜见 未有 少见 罕有
一首 复调 练习曲 流利 酣畅 地弹 了 出来 ， 大家 静静地 听 着 。	酣畅	d	4	流畅 痛快 畅快 尽兴 舒畅 爽快 欢畅 轻快 顺畅 尽致
流畅
流畅 酣畅 舒畅 舒缓 畅 奔驰 酣
麦克 微笑 着 点 了 点头 ， 旋即 坐 到 客厅 一角 的 电子 钢琴 旁边 。	旋即	d	7	立刻 马上 立即 立马 随即 迅即 迅速 然后 即刻 当即 转身
随即
随即 迅速 旋即 即 又 随后 随便 迅即 转身 转而
办事 要 讲 原则 ， 要 秉公 办理 ， 不能 以 感情 代替 政策 ， 更 不能 以 个人 的 利害得失 作为 处事 的 准绳 。	秉公	d	6	公正 公平 依法 公道 坚持原则 公平公正
公正
秉公 公正 公 公平 公开 依法
吉原 先生 看 了 看表 ， 突然 变得 怒不可遏 ， 他 霍地 冲上 前去 ， 一把抓 起 小野 的 领口 ， 猛地 把 他 推开 。	霍地	d	11	突然 忽然 当即 猛然 骤然 蓦然 忽地 陡然 猛地 一下子 乍然
慌忙
慌忙 又 地 倒是
雷志诚 的 眼睛 蓦地 一 亮 ， 双手 用力 地 抓住 我 的 臂膀 ， 用 一种 抑制 不住 紧张 和 激动 的 声音 叫 道 ： 风 ！	蓦地	d	3	突然 忽然 忽地 猛然间 霍地 猛然
忽然
蓦地 忽然 倏地 蓦然 倏然 霎时 遽然 也
阶级 敌人 在 搞 反革命 复辟 时 ， 总是 竭力 在 革命队伍 内部 制造纠纷 、 制造 派别 、 制造 分裂 ， 破坏 革命 团结 。	竭力	d	9	全力 极力 希望 尽力 努力 积极 拼命 大力 使劲 奋力 致力 试图
努力
努力 竭力 尽力 要 积极 尽量 奋力 想 竭尽 尽心
用 这 两种 方法 ， 可以 减低 商品 的 成本 ， 这是 任何人 都 可 知道 的 ， 毋庸 多加 说明 。	毋庸	d	18	不用 不必 不需要 无需 无须 不要 不须
无须
无须 毋庸 无需 毋
做 父母 的 如能 真正 的 爱护 孩子 ， 悉心 教导 ， 引 他们 走 正路 ， 那 也许 不至于 恶性 发展 到 了 这么 一步 。	悉心	d	9	专心 用心 细致 细心 全身心 尽心 一心一意 全心全意 全心 潜心 全力 专一 精心
细心
细心 悉心 细致 耐心 尽心 勤奋 多 心 尽情 勤于
首届 具有 大专 学历 的 物价 专业 毕业生 九十余 人 ， 业已 离开 学校 走上 物价工作 岗位 。	业已	d	11	已经 早已 早就 已 现已 曾经
已
已 已经 业已 业经 业
汽车 刚刚 自动 停稳 ， 凄厉 的 警报声 出人意料 地响 起来 ， 骤然 亮起 的 聚光灯 将 整个 大楼 照 得 一片 通明 。	骤然	d	12	突然 忽然 猛然 乍然 蓦然 忽地 陡然
突然
突然 骤然 猛然 忽然 陡然 忽而 突 然 忽悠
正是 通过 存在 来 超越 生命 ， 人类 才 保证 了 生命 的 重复 再现 ， 通过 这种 超越 ， 人类 创造 了 价值 ， 而 纯粹 的 重复 不 具有 任何 价值 。	纯粹	d	26	单一 单纯 单单 完全 简单
单纯
纯粹 单纯 简单 真正 纯 单一 真实 它 纯净
常常 自问 ： 缘何 偏爱 杂文 ？	缘何	d	3	为何 为什么 为啥 怎么 怎会 何以 因何 何故
为何
为何 因为 缘何 何不 何以 何 因此 缘
有 的 工厂 大量 生产 次品 、 废品 ， 不断 返工 修理 ， 因而 屡次 发生 误期 交货 和 退货 现象 。	屡次	d	14	多次 一再 再三 经常 连连 数次 频繁 反复
屡屡
屡屡 经常 再次 屡次 多次 屡 频繁 常 频频 再度
特别 是 那种 行将 绝迹 的 珍贵 的 鸟类 ， 我们 更 应该 去 拜访 他们 ， 介绍 他们 ， 使 读者 们 能够 了解 他们 的 情况 ， 也 可以 使 有关 部门 能 采取措施 保护 他们 。	行将	d	3	即将 将要 快要 就要 尚未 将
即将
即将 将要 已经 行将 将 已 近乎 将近
他 素日 出门 总 要 买点 东西 回来 ， 今天 却 没有 。	素日	d	1	平时 平常 平日 一般 天天 每天 以往 每日
平时
平时 平日 平常 素日 每 昨天 一日 昨晚 昨日
这场 猝然 的 灾难 使 人们 非常 惊恐 。	猝然	d	1	突然 忽然 突如其来 忽地 乍然 出人意料 猝不及防
突然
突然 忽然 猝然 悄悄 突发 偶然 新 大 悄然 突变
他们 并 不 骄矜 地 ， 而是 谦逊地 注视 着 我 。	骄矜	d	3	骄傲 傲慢 高傲 狂妄 自大 自得 骄慢 自满 自负
傲慢
傲慢 骄傲 谦逊 骄矜 谦虚 傲 谦卑 羞涩 卑贱
"奋乃静 摸 出 手帕 卷 成 卷儿 ， 轻轻 沾 去 他 眼角 的 泪 ， 嗔怪 地说 ： "" 多大 年纪 了 ， 还 流泪 。 ""	嗔怪	d	16	责怪 怪罪 娇羞 埋怨 见怪 温柔
怪
嗔怪 怪 嫉妒 嫌恶 惭愧 邪恶 嗔 嫉恨 嫌疑
小船 就 在 水面 胡乱 颠簸 ， 一个 无 经验 的 孩子 担心 会 掉 到 水中 去 ， 必 惊骇 地 大哭 不已 。	惊骇	d	20	慌张 害怕 惊恐 惶恐 惊慌 惊吓 恐惧 惊惶 惊惧
惶恐
惊骇 惶恐 惊讶 惊愕 震惊 惊
周恩来 身体 微微 一晃 ， 迅速 又 恢复 了 惯常 那种 快速 敏捷 的 步伐 。	惯常	d	9	平常 通常 往常 一般 日常 平时 一贯 寻常 平日 常常 常年 以往 往日
平常
平常 平时 常常 习惯 平日 惯常 往常 往日 常 惯
孔教 的 宽容 态度 ， 诚然 值得称赞 ！	诚然	d	5	确实 的确 当然 固然 实在 必然 真的 果真 自然
当然
当然 确实 实在 的确 也 诚然 当真 很 诚实 实属
可 唯独 对于 孩子 的 事 ， 他 是 每 请 必到 。	唯独	d	1	只有 只要 但是 唯一 仅有 唯有 偏偏 单单
只是
唯独 只是 只有 是 惟一 独 单一 单独
杜伊勒 利宫 在 法国 历史 上 的 地位 ， 大抵 相当于 北京 的 故宫 。	大抵	d	9	大约 大致 大概 大体 差不多 几近 基本上
大约
大约 大概 甚至 大抵 至少 约 抵
在 泰国 境内 ， 至今 尚有 30 多万 柬埔寨 难民 ， 靠 一点 可怜 的 国际 救济 过活 ， 还 不时 遭到 越军 炮击 。	不时	d	20	经常 时常 常常 往往 时时 有时 不断
经常
不时 经常 时常 常常 常 不断 时时 时 常年 家常
感谢 各位 兄弟 的 鼎力 帮助 ！	鼎力	d	4	全力 大力 尽力 竭力 拼命 极力 努力 奋力 合力 热心 热情
大力
大力 鼎力 竭诚 给予 力 大量 帮助 竭力 帮忙 大家
既然 这样 ， 工作 潦草 一点 又 何妨 ？	何妨	d	7	如何 怎样 没关系 无妨 不妨 没事 有什么关系 无碍
如何
如何 怎么 何妨 怎样 何尝 何 几何 几乎
我们 还是 好 朋友 ， 以后 有 用得着 我 的 地方 ， 我 还 愿意 竭诚 为 您 效劳 ！	竭诚	d	15	真诚 真心 诚心 热诚 真挚 诚恳 诚挚 全心全意 全力 竭尽忠诚 尽心
积极
竭诚 积极 尽力 诚 虔诚 殷勤 虔心 再 尽情
王贵 没有 理他 ， 径自 向 校场 中央 走 去 。	径自	d	4	直接 独自 径直 自己 转身 转头
独自
独自 直接 径自 迅速 又 径 迅即 独身 直径 独行
退休 、 离休 的 干部 ， 在 政治 待遇 、 生活待遇 等 各 方面 ， 都 要 逐个 做出 妥善 安排 。	逐个	d	17	依次 挨个 各个 逐一 一一 顺次 一个个 相继
尽快
尽快 逐项 逐个 求 尽早 个 随时 整个 整体
到 了 近代 的 社会 ， 范围 渐渐 扩大 ， 组织 渐渐 复杂 ， 人类 相互间 分工合作 的 关系 愈益 交互 综错 。	愈益	d	19	更加 尤其 愈加 更 更是 愈发 益发 越 尤为 进一步 越发 日益 越来越
日益
日益 更加 逐渐 愈益 愈 日趋 逐步 渐渐 也 日渐
“ 淘车 好 车节 ” 精彩 开启 ， 三大 电商 平台 联袂 送 好 礼	联袂	d	11	一起 共同 一同 联合 联手 合作 合力 协同 一块 合办 携手
共同
共同 联袂 联手 联合 携手 共 齐 合作 合力 连续
高盛 断然 否定 这一 指控 。 该行 在 上周五 的 一份 声明 中 表示 ： “ 高盛 从未 向 BDB 陈述 Paulson 会 是 做 多 的 投资者 。 ”	断然	d	1	果断 坚决 完全 果决 已然 绝对 毅然
坚决
坚决 决定 断然 也 拒绝 直接 坚定 决然 已 坚持
再者 ， 所谓 继承 ， 从来 都 是 批判 的 继承 ， 改造 的 继承 ， 而 不是 照搬 。	再者	d	0	并且 而且 再说 其次 又如 同时 另外 此外 第二
另外
另外 再者 其实 其次 最后 者 再次 次
这些 谬论 纯属 欺人之谈 。	纯属	d	2	绝对 是 全是 完全 就是 断乎 完全是 完全属于 属于 只是
只是
纯属 只是 是 属 也是
"当 我 与 她 交谈 时 ， 她 是 那么 坦诚 地 感叹 说 ： "" 这 几年 ， 我 写 了 几百 首歌 ， 可 金子 太 少 ， 沙子 太 多 ， 经常 雷同 ， 有 的 格调 不高 。 ”"	坦诚	v	10	坦白 坦率 真诚 磊落 诚恳 直爽 直率 坦陈 直截 正大光明 诚实
真诚
真诚 直接 诚恳 自豪 诚实 诚挚 坦诚 直率 真挚 自信
刚 咬牙 ， 可 掉头 一看 ， 原是 她 的 丈夫 ， 就势 张开 瓢大 的 嘴 ， 撒娇 似地 大喊 大哭 起来 。	就势	d	12	趁机 就 趁着 顺势 乘机 乘势
就
就 立刻 立即 就势 马上 又 赶紧 就是
经过 老友 居正 和 邹鲁 的 再三 劝说 ， 答应 他 可以 在 会上 畅所欲言 ， 才 同意 出席 。	再三	d	6	一再 多次 反复 重复 再 三番四次
一再
再三 一再 再次 再 一番 三
但 戈多 究竟 是 谁 ， 什么 样子 ， 干什么 的 ， 他们 又 全然 不知 ， 至于 为什么 要 等 他 ， 也 茫然 无 所知 。	全然	d	14	完全 全 都 全部 通通 全都 截然 统统 彻底
完全
完全 全然 浑然 都 全都 全 浑身 尽然
但是 ， 几个 省 试点 的 情况 表明 ， 这方面 的 改革 甚为 微小 ， 旧 的 劳动 体制 几乎 没有 触动 。	甚为	d	12	十分 非常 极其 极度 极为 格外 特别 万分 无比 很 分外 相当
极为
极为 极其 很 甚为 颇为 尤为 尤其 极度 甚至 为
只 记得 我们 走 在 一条 乡间 小 路上 ， 以 崇敬 的 心情 谈着 敬爱 的 周总理 ， 就 这样 娓娓 地谈 着 ， 慢慢 地 走 着 。	娓娓	d	21	慢慢 不停 不断 不住 不休 持续
慢慢
娓娓 慢慢 细致 悠悠 谆谆 慢
在 计划 印度 之旅 的 时候 ， 有 一点 必须 要 明白 ： 只要 不 冀望 在 仅仅 几个 星期 内 将 整个 印度 囫囵吞枣 地 游历 完毕 ， 那么 你 的 悠闲 惬意 与 午后 时光 就 能 得以 延续 。	囫囵吞枣	d	24	粗粗 不求甚解 一知半解 粗略 大略 生吞活剥 浅尝辄止 不细致 大体 走马观花 大致
完整
完整 愉快 愉悦 悠闲 悠然 完美 完好
威廉 · 达 拉戈 · 麦默恩 夫人 狂喜 得 浑身 颤栗 ， 以致 她 的 钻石 几乎 刺痛 了 她 的 眼睛 。	狂喜	d	7	高兴 开心 快乐 兴奋 喜悦 欣喜 愉悦 愉快 欢快 欢喜 惊喜
喜悦
喜悦 惊讶 狂喜 惊喜 惊骇 骄傲 狂欢 喜 喜欢 疯狂
你 真是 个 极品 。	极品	d	3	傻逼 傻子 讨厌鬼 狠人 天才
好人
极品 好人 超级 人 超人 极 极限 太极 太子 绝望
就 在 艾伦 驾车 走 在 路上 的 时候 ， 他 感到 脖子 根儿 上 似乎 有 什么 东西 在 火辣辣 地 烧着 。	火辣辣	d	20	火热 火辣 灼热 热辣
火辣
火辣 不断 一样 一直 火烧 不时 烧火 一起
一场 可怕 的 灾难 ， 突然 从天而降 ， 又 莫名其妙 地 消逝 了 。	莫名其妙	d	1	神奇 奇怪 奇妙 平白无故 没有理由 无理 惊讶 无缘无故 不合情理 诧异 莫名 没有原因
突然
突然 莫名其妙 忽然 悄悄 突兀 悄然 突发 无名而又 忽悠
我 爸用 手把 废金属 塞进 一个 装置 ， 这个 装置 像 屠夫 剁 肋骨 那样 ， 利索 地 切割 金属 。	利索	d	16	灵敏 灵活 灵巧 麻利 利落 快速 锋利 活络
快捷
快捷 利索 直接 便捷 顺利 利 快速 便利 索 顺便
太平洋 常年 送来 凉爽 的 风 ， 植物 因此 生长 缓慢 ， 那 红杉树 便 从容不迫 ， 慢条斯理 地用 千年 的 时间 来 完成 宇间 的 佳作 。	慢条斯理	d	17	缓缓 悠闲 从容 不紧不慢 慢悠悠 迟缓 慢慢吞吞 不慌不忙 舒缓 缓慢 慢慢悠悠 慢慢 徐徐 一点点 迟迟 从容不迫
慢慢
慢慢 慢条斯理 缓缓 缓慢 严肃 完整 完美 完善 严谨 严重
他 不想 打扰 他 的 小妹妹 ， 蹑手蹑脚 地 走进 了 屋里 。	蹑手蹑脚	d	7	悄悄 小心 轻手轻脚 轻轻 小声 谨慎 慢慢 轻声
悄悄
悄悄 蹑手蹑脚 慢慢 匆匆 缓缓 匆忙 悄然 缓慢
通常 暖 暖 阳光 都 会 在 星期三 或 星期四 如期而至 ， 这时 我们 都 会 伫立 在 房间 里 ， 渴盼 地 探出 窗外 ， 分享 沐浴 阳光 的 那份 雀跃不已 。	渴盼	d	21	渴望 期待 急切 期盼 盼望 期望
期待
期待 渴望 期盼 盼望 希望 渴盼 期望 盼 望
那些 浪漫 的 场景 ， 像 爱尔兰 少女 故作 端庄 地 喝一杯 麦酒 或 成熟 世故 的 法国 少年 呷 一口 红酒 的 场面 并 不 真实 。	端庄	d	9	庄重 稳重 庄严 大方 典雅 沉稳 得体 端正 正经 规矩 持重
严肃
端庄 严肃 高雅 严谨 高贵 绅士 端 低调 低俗 庄
我 正在 慎重 地 考虑 进 修道院 当 修道士 。	慎重	d	2	仔细 郑重 认真 小心 谨慎 细致
谨慎
慎重 谨慎 严肃 谨严 严重 重 酌情
他 呕心沥血 写 了 这 本书 。	呕心沥血	d	1	认真 努力 尽心竭力 全心全意 绞尽脑汁 花尽心思 辛苦 用尽心思 竭尽全力 费尽心血 费心
自己
自己 呕心沥血 亲自 亲手 最后 最终 终于 亲笔 自愿 自行
也许 是因为 下雨 的 原因 ， 所有 的 火车 上 都 挤满 了 人 ， 他们 一个个 带 着 伞 提着 箱子 都 急切 地 想要 回家 ， 所以 根本 不会 关注 刚刚 身边 有 谁 经过 。	急切	d	23	着急 急迫 急 急忙 匆匆 匆忙 迫切 非常 特别 紧迫 仓促
紧张
急切 紧张 迫切 殷切 急 热烈 急迫 热切 热情 紧急
遇到 这些 情况 ， 最好 知趣 地 结束 谈话 。	知趣	d	5	尽快 尽早 识趣 识相
清醒
清醒 知道 懂事 有趣 清晰 知趣 幽默 有意 懂得 知
“ 我 口袋 里 没 东西 。 ” 伦尼 狡黠 地说 。	狡黠	d	9	狡猾 狡诈 诡异 调皮 顽皮 奸邪 淘气 阴险
狡猾
狡猾 笨拙 惊讶 无奈 羞涩 狡黠 羞愧 惊恐 笑 无辜
要 想 使 食物 保持 生鲜 水果 的 风味 ， 就 用 便宜 的 精制 油 并且 在 出锅 时洒 一点 新鲜 的 橄榄油 ， 这样 貌似 更 经济 有效 。	貌似	d	26	好像 一般 似乎 应该 可能 倒是 也许 感觉 看来 看着 看起来
好像
好像 貌似 看似 似乎 看来 会 好似 也 类似
这个 娃娃 真的 炒鸡 好看 。	炒鸡	d	3	很 非常 十分 超级 非常 特别 那么
特别
特别 很 好 酱油
吉普车 在 黑暗 中 颠簸 着 行驶 ， 突然 在 一个 卖 泡面 、 茶水 和 夹心饼干 的 小摊 边停 了 下来 。	颠簸	d	4	震 震荡 颠 颤动 晃 摇晃 摇摆 抖动 晃动 震动 振动
摇晃
颠簸 摇晃 颠 折腾 晃荡 摇曳 簸
银行 员工 ： 矮油 ， 这 都 是 你 第三次 来 抢 我们 了 ！	矮油	n	3	哎 啊 哎呦 哎呀 哎哟 哎呦喂
大哥
大哥 哦 老板 阿姨 哎 老总 大油
因此 ， 科学 同 宗教 从来 就是 死对头 ， 彼此 对立 的 。	彼此	d	9	相互 互相 各自 两者 互为 竞相 二者
相互
彼此 相互 互相 这样 是 互为 相对 不
纵然 如此 ， 在 针灸 、 方药 治病 的 过程 中 ， 仍 存在 着 与 之 密切相关 的 心理 效应 。	纵然	d	0	虽然 虽说 即使 就是 即便 尽管 就算 哪怕 纵使
即使
即使 虽然 尽管 即便 纵然 虽说 虽 然 尽然
猛一 听 感到 愕然 ， 细一想 不无道理 。	愕然	a	3	惊奇 奇怪 惊讶 诧异 惊叹 惊诧 惊异 骇然
诧异
诧异 惊讶 愕然 茫然 惊诧 然 茫茫
他 惊愕 地 回头一看 ， 竟然 是 她 -- 那朝 思暮念 的 高婕 ， 竟然 站 在 眼前 ！	惊愕	a	1	惊讶 奇怪 诧异 惊奇 惊异 惊诧 好奇
惊讶
惊讶 吃惊 惊愕 诧异 惊诧 愕然 震惊 怔
教务主任 代替 仓惶 失措 的 院长 迅速 地 回答 。	仓惶	a	2	惶恐 慌张 惊慌 张皇 心慌 恐慌 匆忙 慌乱 惊恐 惊惶
惊慌
惊慌 惊惶 匆忙 惶惶 惶恐 惊恐 慌
想 找 一个 僻静 的 地方 坐坐 ， 避去 众人 的 注意 ， 于是 一直 走 到 前次 和 菊溪 所 坐 的 那株 大 树底下 。	僻静	a	3	安静 宁静 清静 幽静 静 寂静 偏僻
安静
安静 僻静 寂寞 偏僻 寂静 静 安逸 幽静 偏远 幽默
假日 里 ， 伙计 们 都 穿 起 西装 皮鞋 ， 逛 大街 ， 进 戏院 ， 入 酒楼 ， 他 照样 是 粗布 衫 ， 外表 显得 平庸 ， 但 胸中 却 蕴藏 着 聪明睿智 。	平庸	a	28	平常 平凡 寻常 普通 平平 一般
平凡
平凡 平庸 普通 庸俗 庸碌 平 粗糙 压抑 平淡
照 一般 的 观察 ， 伶俐 的 学生 喜爱 理解 的 学习 ， 而 厌恶 强记 的 学习 ， 迟钝 的 学生 对于 理解 的 反应 较缓 ， 所以 反不以 强记 为苦 。	伶俐	a	5	聪明 机灵 聪慧 聪敏 机智 灵动 敏锐 智慧 明慧 机敏 灵巧 聪颖
聪明
聪明 优秀 伶俐 聪慧 敏锐 敏感 好 优良
在 黯淡 的 灯光 底下 ， 隐约 可以 看出 他 的 饱经世故 的 三角形 脸上 ， 布满 着 忧郁 的 成分 。	黯淡	a	1	昏暗 昏沉 阴暗 幽暗 阴沉 暗 暗淡 灰暗 晦暗 昏黑 淡淡
暗淡
暗淡 黯淡 昏暗 淡淡 沉闷 暗暗 沉默 淡 淡薄 昏沉
位于 太平洋 底 的 地球 观察站 中央 ， 站 着 一位 身材 魁梧 的 中年男子 ， 他 正是 莉莉 的 爸爸 。	魁梧	a	12	高大 伟岸 强壮 壮硕 巍然 健美 壮实 高挑 健壮
粗壮
魁梧 粗壮 强壮 粗大 强大 彪悍
一天 的 事情 都 已 办完 ， 喧闹 的 北京城 已 夜阑人静 。	喧闹	a	7	吵闹 嘈杂 喧腾 热闹 沸腾 闹腾 鼎沸 喧哗 喧嚣
喧嚣
喧嚣 喧闹 吵闹 聒噪 闹 繁忙 吵吵
指挥组 经过 缜密 研究 ， 批准 了 这个 方案 。	缜密	a	2	仔细 深入 周密 细致 周到 细密 细心 详细 精细 严谨
仔细
缜密 仔细 细致 深入 严肃 严谨 细心 深刻 严密 的
吕先生 身穿 长袍 ， 戴着 呢帽 ， 步履 轻盈 ， 风度 潇洒 ， 完全 是 一位 温文尔雅 的 文人 学者 的 形象 。	轻盈	a	8	轻快 轻松 轻巧 轻柔 轻飘
轻松
轻盈 轻松 轻 纤细 轻佻 微微 清闲 纤纤 盈
在 花园 的 草坪 上 ， 游园 的 人们 常常 还会 见到 一位 年过半百 、 体态 丰腴 的 妇人 ， 一 手提 水桶 ， 一 手拿着 海绵 ， 仔细 地 擦拭 着 一座座 铜像 。	丰腴	a	16	丰满 丰盈 肥胖 肥硕 胖 丰润 丰硕 臃肿
肥胖
丰腴 肥胖 丰厚 饱满 丰盛 肥厚 丰 肥腴 娴熟
巍峨 的 泰山 吸引 了 无数 游人 。	巍峨	a	0	高大 壮丽 高峻 高耸 雄伟 峻峭 连天 高 高俊 峥嵘 魁梧 嵯峨 伟岸 壮观 巍然
巍峨
巍峨 巍巍 雄伟 壮观 壮丽 雄壮 壮美 苍苍
透过 稀稀疏疏 的 松枝 望出去 ， 夜空 中 到处 散缀 着 璀璨 的 明星 。	璀璨	a	11	灿烂 耀眼 夺目 闪闪 闪烁 明亮 绮丽 炫目 绚丽
灿烂
灿烂 璀璨 辉煌 耀眼 闪亮 闪耀 闪烁 美 耀目 灿灿
果然 ， 第二 仗 对 上海队 ， 他们 便 以 凌厉 的 攻势 ， 取得 ２ 比 ０ 的 胜利 。	凌厉	a	10	猛烈 强烈 强劲 激烈 剧烈 凶猛 狂暴
强劲
强劲 猛烈 凌厉 凶猛 严厉 猛 凶狠 强大 严谨 严峻
他 的 褴褛 的 衣服 裹 着 枯瘦 的 身体 ， 上面 涂满 了 血迹 和 污泥 。	褴褛	a	2	破烂 破碎 破 破败 破损 破旧 烂乎乎
衣服
衣服 黑色 他 长袍 长袖 黑白
我 作为 服役 数载 的 军人 ， 为 人 耿直 ， 生活 上 严肃认真 ， 这 是 我 的 本质 。	耿直	a	9	正直 刚正 正派 刚直 直爽 直率 中正 方正 朴直 纯厚
直率
直率 耿直 直爽 正直 直 正义 忠实 正经 忠直 耿
"特别 是 "" 四人帮 "" 放肆 地 反对 敬爱 的 周总理 ， 赤裸裸 地 暴露 了 他们 反革命 的 狰狞 面目 。"	狰狞	a	19	凶恶 凶狠 凶 恶 血腥 凶横 狠毒 凶暴 凶残 凶狂 邪恶 丑恶 凶悍 狞恶 残暴
恐怖
狰狞 恐怖 荒诞 恐惧
诗人 在 这 八首 诗里 ， 用 他 的 穷愁潦倒 的 心情 ， 沉郁 苍茫 的 笔触 ， 描绘 了 夔 州 的 风貌 和 景色 ， 抒写 了 自己 的 落寞 情怀 。	落寞	a	31	孤独 孤单 寂寞 失落 伤心 失意 悲伤 孤寂
寂寞
寂寞 落寞 寂寥 失落 遗憾 落 落魄
偌大 的 殿 中 只有 他 一个 人 ， 一缕 孤寂 感 悄悄 爬 上 心头 。	孤寂	a	10	孤独 孤单 寂寞 冷落 凄凉 落寞 寂然
孤独
孤独 寂寞 孤寂 孤 寒冷 冷漠 冷寂 寒暄
我 于是 利用 全部 闲暇 时间 来看 书报 和 译书 ， 觉得 十分 安适 。	闲暇	a	4	空闲 空余 空当 清闲 空 闲 闲空 悠闲 轻闲 空隙 安闲
闲暇
闲暇 空闲 的 空余 休闲 空暇
他 为 人 很 谦恭 。	谦恭	a	4	谦虚 温和 低调 谦逊 谦和 客气 恭敬 谦卑 虚心
谦逊
谦逊 谦恭 谦虚 温柔 好 诚实 温顺 诚恳 随意 低调
因此 他 更加 跋扈 ， 为所欲为 。	跋扈	a	3	自大 狂妄 狂傲 蛮横 强横 霸道 骄横 嚣张 猖獗 横 猖狂
嚣张
嚣张 骄傲 跋扈 骄横 贪婪 猖狂 贪 强 猖獗 贪心
学生 看 教师 如此 ， 他们 自 能 发展 同样 的 态度 养成 谦逊 的 美德 。	谦逊	a	13	客气 谦虚 虚心 谦和 谦恭 恭敬 谦卑 谦让
谦逊
谦逊 谦卑 谨慎 虚伪 敬业 好 敬畏
作者 以 细腻 传神 的 笔触 表现 了 左光斗 和 史可法 师生 间 的 深情厚谊 ， 勾勒 了 左光斗 的 动人 形象 。	传神	a	3	逼真 生动 神似 乱真 真切 灵动
精致
传神 精致 神秘 感人 精湛 神 传奇 神奇 的 精神
有 一回 ， 一个 十分 精壮 的 黑人 小伙子 就 教一 鞭子 抽 得 再也 爬不起来 。	精壮	a	5	强壮 壮 粗壮 壮实 结实 健壮 精干 强健 壮健 健康 健硕
强壮
强壮 健壮 优秀 壮 健康 精壮 粗壮 粗犷 粗糙 强悍
李金凤 迈着 矫健 的 步伐 走上台 来 。	矫健	a	2	灵活 矫捷 敏捷 康健 灵敏 结实 快 灵便 强健 健康 轻盈 稳健 灵巧 利索 有力 快速 健壮 刚劲
坚毅
矫健 坚毅 快 坚韧 新 纤细 纠正 矫正
门 里 走进 一个 敦实 的 小伙子 来 ， 卷 着 裤筒 赤着 脚 ， 身上 披着 的 塑料 单滴 着 水珠 。	敦实	a	4	结实 壮实 健壮 壮 强壮 强健 矮壮 硬朗 厚实 健康
沉稳
沉稳 坚强 温柔 敦实 敦厚 坚实 实 腼腆 坚固 温暖
因为 她 的 丈夫 很 阔绰 ， 所以 她 平时 颇 讲究 化装 和 服饰 。	阔绰	a	5	有钱 富裕 手松 宽厚 慷慨 富有 富 阔气 阔 豪阔 富足 浮华 奢侈
豪华
阔绰 豪华 伟大 豪爽 富裕 宽裕 富有 宽绰 宽阔 阔
在 又 平 又 直 的 油渣 马路上 骑车 子 ， 迎着煦然 拂面 的 春风 ， 馥郁 扑鼻 的 花香 ， 很 是 轻松 。	馥郁	a	16	芳香 浓郁 浓 浓厚 香甜 芬芳 香气 浓烈 浓重 香味 喷香
浓郁
馥郁 浓郁 氤氲 浓厚 郁郁 那
有 一次 在 他家 吃饭 ， 我 饮 了 他 几杯 绍酒 ， 那 酒味 的 醇厚 ， 是 我 在 上海 任何 朋友 家里 都 没有 饮到 过 的 。	醇厚	a	16	浓厚 纯 厚 甘醇 浓 醇朴 浓郁 淳厚 浓烈 浓醇 香醇 淳朴 醇香 厚重
浓郁
浓郁 醇厚 浓烈 浓厚 厚 厚重 鲜美 清醇 清香 醇
受到 的 待遇 比 以前 更加 优渥 。	优渥	a	6	好 高 优越 优厚 优于 优胜 丰厚
优秀
优秀 丰富 平等 丰厚 高 优惠 好 优渥 平庸 宽容
哪怕 是 最 蹩脚 的 文学作品 ， 也 总是 作为 人 的 产品 ， 总是 或多或少 地 、 这样 那样 地 表现 某种 情感 。	蹩脚	a	3	差 坏 差劲 次 垃圾 不好 菜 低劣 乏味 糟糕 欠佳 拙劣 不良
优秀
优秀 蹩脚 好 高级 精美 优美 好看 精致 烂 精彩
一方面 以 别人 的 痛苦 为 笑料 ， 一方面 又 反对 人家 解除 痛苦 ， 这 是 很 卑劣 的 心态 。	卑劣	a	18	恶劣 低劣 坏 恶心 缺德 差 拙劣 粗劣 不好 差劲 卑鄙 卑贱
卑鄙
卑鄙 极端 龌龊 卑劣 低劣 低贱 坏 鄙夷 低俗 劣
建设 街 小学 三年级 有个 小朋友 ， 学习成绩 倒 不错 ， 但是 字 写 得 不 工整 。	工整	a	16	好 整齐 齐整 好看 漂亮 整洁 细致 精致
整齐
整齐 整 完整 工整 工 平整 完美 完全 整整
直觉 、 灵感 产生 的 生理 心理学 基础 ， 人们 的 认识 还 很 肤浅 ， 随着 脑科学 的 发展 ， 这个 未知 的 领域 ， 终将 逐步 被 揭示 出来 。	肤浅	a	14	简单 简陋 浅白 表面 浅显 粗糙 浅 浅薄 泛泛 粗浅 空洞 抽象 皮毛 空泛
浅
浅 肤浅 浅薄 幼稚 深 薄弱 稚嫩
诺贝尔 是 一位 在 化学界 成绩 斐然 的 专家 。	斐然	a	6	明显 不凡 不俗 显著 非凡 好 昭著 优秀 显耀 昭彰 显眼 卓越 显赫 显然
卓著
斐然 卓著 卓越 不凡 高 不俗 卓然 不然
这个 妖魔 专门 收藏 世上 最 稀罕 的 珍宝 。	稀罕	a	6	稀少 罕见 少有 少见 少 希少 珍贵 贵重 希罕 特别 稀有 稀奇 稀缺
珍贵
珍贵 稀罕 罕见 难得 宝贵 珍稀 稀 罕有
男士 可能 更 青睐 身量 苗条 的 女士 ， 女士 可能 更 仰慕 身材 颀长 的 男士 。	颀长	a	14	修长 高 长 瘦高 细长 瘦长 高大 高挑
纤细
纤细 修长 长 好 纤小 修身 过大
她 发誓 看到 车子 的 前面 两个 座位 上 各 坐 着 一个 身材 魁梧 的 男人 。	魁梧	a	14	高大 伟岸 强壮 魁伟 壮硕 粗壮 壮实 结实 健壮
粗壮
魁梧 粗壮 胖 强壮 肥胖 壮 强大 肥大
虽然 在 隔壁 房间 ， 可 还 能 听到 她 幽咽 的 哭声 。	幽咽	a	10	细小 微弱 细微 轻微 低微 低弱 微小 悲惨 悲伤
凄凉
凄凉 哽咽 清脆 哭 沉沉 幽咽 沉重 清晰 凄惨 沉闷
打开 一个 瓶罐 ， 液面 上 二氧化碳 气体 的 压力 就 会 急遽 下降 ， 破坏 了 原先 已 达到 的 热力学 平衡 。	急遽	a	12	快速 急速 急剧 极速 高速 迅速 很快 急 迅疾 骤然 剧烈
急剧
急剧 迅速 急遽 急速 突然 迅猛 骤然 猛然 再 急
旅游者 和 伦敦 居民 沐浴 着 和煦 的 阳光 。	和煦	a	6	暖和 温暖 温和 融融 暖 温煦 温柔 柔和 和暖
温暖
温暖 美丽 和煦 温柔 舒适 温和 美妙 和暖 美好 祥和
她 有着 姣好 的 面容 ， 还 拥有 医学博士 和 哲学 博士学位 ， 男人 似乎 应该 可以 由 她 随便 挑 。	姣好	a	2	好看 美丽 漂亮 良好 标致 好 美好 中看 优美 顺眼 秀丽 美妙
窈窕
窈窕 美丽 姣好 美貌 靓丽 良好 好 美好
这 商品质量 粗劣 。	粗劣	a	2	差 粗糙 次 坏 糟糕 低下 不好 毛糙 粗陋 劣质 拙劣
粗糙
粗糙 恶劣 粗劣 差 粗 细腻 恶化
他 看见 那具 残缺不全 的 尸体 吓 得 脸色 煞白 。	煞白	a	9	苍白 惨白 很白 刷白 死灰
发白
发白 发黑 煞白 漆黑 白 发黄 煞
华虹 NEC 新颖 别致 的 展台 吸引 了 众多 参观者 。	别致	a	3	不凡 非凡 特别 少见 不同 了不起 特殊 不简单 稀奇 精致 不同凡响 独特
独特
别致 独特 特别 特色 独立 别 的 异彩 异味
本所 合伙人 ， 毕业 于 云南大学 法学院 ， 获 法学 学士 ， 辅修 金融 专业 ， 法律 功底 深厚 ， 见解 独到 ， 工作 认真 。	独到	a	21	独特 特别 奇崛 不同 别具一格 奇特 与众不同 特殊 奇异
独到
独到 犀利 独特 独立 到 特别 专业 多 专家
热诚 欢迎 广大 用户 来 我 公司 加工订货 ， 参观指导 ， 保证 质量 上乘 、 价格合理 、 交货 及时 、 服务周到 。	上乘	a	13	好 上等 高 可靠 一流 最高 优等 最好 顶尖 上佳 上好
优良
优良 上乘 优质 好 可靠 上 下乘 上升 下降 可控
句子 太 长 ， 念起来 拗口 。	拗口	a	5	不通 别扭 不顺口 难 不通顺 绕 绕嘴 不上口 生涩
难听
拗口 难听 难 粗糙 拗 粗俗 俚语 俚俗
这个 主题 很大 ， 很 空泛 ， 所以 需要 找 一个 切入点 ， 然后 想到 从 自己 的 亲身经历 入手 。	空泛	a	5	空洞 广 抽象 宽泛 空 空虚 泛 宽 广泛 贫乏 不着边际 笼统 虚无
抽象
抽象 广泛 空 泛 空泛 广阔 宽泛 宽广 庞杂 空白
大哥 说 得 在理 ， 我们 不要 胡来 。	在理	a	3	合理 有道理 有理 合适 据理 符合道理
不错
在理 不错 在 理 没用 没错 真理
恐怕 你 今晚 要 将就 一下 了 。	将就	a	4	凑合 勉强 对付 应付 马虎 凑和
把握
把握 将就 等待 失望 赌 哭 失败 把持 失落
用手 转动 泵 轴 检查 其 是否 活络 。	活络	a	7	灵活 活 灵敏 灵便 灵动 活动
灵活
灵活 活 灵敏 松动 活络 运转 运动 活动 运行 灵动
即使 是 那些 你 非常 熟稔 的 地方 ， 当 你 从 空中 欣赏 它们 时 也 似乎 迥然不同 了 。	熟稔	a	5	熟悉 熟知 熟识 熟 了解 眼熟 稔知
熟悉
熟悉 熟稔 习惯 了解 陌生 熟 悉
琴声 缱绻 悠长 ， 没有 一丝 杂质 ， 纯净 如初 。	缱绻	a	1	缠绵 宛转 柔和 婉转 深厚
绵绵
缱绻 绵绵 袅袅
这幅 画 营造 出 一种 安静 祥和 且 各司其职 的 家庭 生活 。	祥和	a	6	和谐 和睦 和气 平和 安详 团结 安好 友好 友爱 协调 融洽 和乐
和谐
和谐 祥和 平和 平静 而 和睦 和 平衡
面对 这项 挑战 ， 我们 的 工程 人员 悉力 以 赴 ， 为 迁移 行动 进行 全面 周详 的 实地 测量 ， 并 执行 有关 的 隔离 及 转移 工作 。	周详	a	17	详细 详尽 细致 周全 周密 仔细 细密 周到 详实 精密
细致
细致 周密 详细 周详 详尽 细心 严密 精细 性 精密
与会者 们 还 确定 一些 难以 从 其他 角度 获得 丰硕 成果 的 研究 领域 。	丰硕	a	10	许多 巨大 很多 丰富 丰厚
丰富
丰富 巨大 丰硕 辉煌 新 优秀 丰厚 好 巨额 优异
凡 不 洁净 的 ， 并 那行 可憎 与 虚谎 之事 的 ， 总 不得 进 那城 。	可憎	a	7	可恨 可恶 讨厌 不耻 恶心 不堪 憎恶 可鄙 厌恶
可恶
可憎 可恶 可爱 可 不可 憎
门前 那堆 垃圾 实在 太 碍眼 了 。	碍眼	a	5	显眼 难看 刺眼 不顺眼 麻烦 碍事 扎眼 讨人嫌
难看
难看 碍眼 惹眼 惹人 碍 眼
可是 这 里面 还 有些 蹊跷 ， 为了 谨慎 起 见 ， 她 可 不敢 说 出来 。	蹊跷	a	5	奇怪 古怪 可疑 怪 怪异 诡怪 离奇 怪事 奇异 疑惑 奇事 稀奇 怪诞
奇怪
奇怪 蹊跷 奇葩 诡异 尴尬 跷
这个 仪式 作为 丰收 节 期间 一年一度 的 惯例 ， 是 为 防止 村庄 里 爆发 诡秘 的 疾病 而 被 主持 举行 的 。	诡秘	a	16	神秘 秘密 机密 隐秘 怪异 诡异 奇怪 古怪
神秘
神秘 奇怪 诡秘 怪异 诡异 恐怖 新 奇异 神奇 秘
他 说 ， 和 父母 住在一起 不用 出 租金 ， 让 他 能够 开始 偿还 在 不济 时 欠下 的 债 。	不济	a	16	不好 没钱 贫苦 穷困 困难 艰难 困苦 贫穷 艰苦 不行
困难
困难 不济 无力 穷 困境 家里 济 失业 不用 不孝
如果 坚持 错误 的 观点 ， 而 不愿 改变 ， 恐怕 再 多 的 努力 也 是 枉然 。	枉然	a	17	徒劳 徒然 白搭 没用 白费 浪费 空
徒劳
枉然 徒劳 徒然 枉 空白 然 苦于
后来 ， 在 第一次世界大战 末期 ， 法国 装甲兵 开始 采用 一种 戴起来 更 服帖 的 贝雷帽 。	服帖	a	13	舒服 稳 妥当 适合 平整 贴合 稳妥 稳定 稳当 妥帖 舒适
好
服帖 好 舒适 自由 舒服 自然 薄 适当 适合
迪斯尼 正在 放映 《 白雪公主 》 一个 场景 ， 歹毒 的 皇后 用 一只 毒 苹果 诱惑 白雪公主 。	歹毒	a	9	狠毒 恶心 恶毒 狠心 凶狠 凶恶 邪恶 毒辣 阴险
恶毒
恶毒 歹毒 狡猾 毒辣 毒 狡诈 恶劣 好心 恶心
日本 人 支持 战争 ， 庆贺 胜利 ， 对 自己 的 暴虐 行为 洋洋自得 。	暴虐	a	11	残忍 凶恶 凶残 凶狠 残暴 凶暴 残酷 狠毒 暴力
野蛮
野蛮 粗暴 暴虐 狂暴 虐待 暴 暴力 狂妄 粗鄙 虐杀
虽说 是 已 下定决心 ， 但 这 并 不 代表 玛林 可以 在 一夜之间 抛弃 自己 怯懦 的 性格 。	怯懦	a	16	胆小 胆怯 懦弱 软弱 懦夫 苟且 怯弱 胆小怕事
胆怯
怯懦 胆怯 勇敢 胆小 懦弱 怯 腼腆 怯弱 勇气
在 塞伦 高中 ， 我 是 那种 从未 被 评价 为 天资 聪颖 但是 非常 勤奋 的 学生 。	聪颖	a	12	聪明 聪慧 灵敏 聪敏 敏锐 优异 优秀
敏锐
聪颖 敏锐 敏捷 智慧
不要 为了 男生 伤害 女生 ， 爱 你 的 男生 不会 要 你 做 这种 龌龊 的 事 。	龌龊	a	15	下流 肮脏 卑鄙 脏 恶心 下作 卑劣 不端 下贱 污秽 恶劣 猥琐 卑贱 丑陋 无耻 流氓
肮脏
肮脏 龌龊 猥琐 不良 猥亵
目前 ， 定州 秧歌 发展 日渐 式微 ， 抢救 、 保护 和 传承 迫在眉睫 。	式微	a	6	衰落 凋零 没落 消亡 败落 衰朽 弱 失败 腐败 微弱 衰败 退步 衰微 衰弱 衰退
低迷
式微 低迷 微弱 微 式 微微 微妙 低微
婴儿 满月 之后 ， 家人 要 把 产妇 坐 月 所 吃 鸡蛋 的 蛋壳 倒 在 十字路口 ， 以 告知 村邻 ， 母子 安康 无恙 。	无恙	a	25	平安 安好 没事 无事 没病 无碍 安全
无
无 有喜
简欧 园林式 的 设计 格调 ， 豪华 典雅 的 装修 ， 缜密 细致 的 心思 ， 为 您 带来 称心 愉悦 的 放松 体验 。	称心	a	19	满意 如意 顺心 舒适 适意 中意 惬意 舒心 合意 称意 舒服
心
称心 心 称 名手
夜晚 是 那样 的 神奇 ， 月亮 刚 爬 上 树梢 ， 放出 皎洁 的 光芒 。	皎洁	a	13	洁白 灿烂 雪白 皎皎 亮 月明如镜 白净 明亮 雪银 清白 纯净 洁净
灿烂
灿烂 皎洁 璀璨 洁白 洁净 绚丽 绚烂 洁
国柱 说 梁伯 两道 招牌 菜 失传 ， 是 由于 高估 了 儿子 ， 而思翰 却说 并不一定 是 儿子 错 ， 父子 又 起 争论 。	招牌	a	4	最好的 有名 特色 拿手 祖传 著名 知名 家传 名牌 标杆
牌
招牌 牌 菜 名牌 牌子 名字 标牌 名菜 品牌 品味
我们 简直 想 揪 起 这个 人 ， 把 答案 从 他 的 身上 抖搂 出来 ， 但 我们 控制 住 了 这 急切 的 心情 。	急切	a	23	迫切 着急 火急 急迫 紧迫 慌张 紧张
紧张
紧张 急切 迫切 急迫 殷切 紧迫 样 切 躁动
在 外婆家 的 门前 就 有 一颗 婀娜 多姿 的 芙蓉 树 。	婀娜	a	7	标致 好看 翩翩 美丽 优美 婷婷 轻盈 俏丽 俊俏 亭亭 妖娆
窈窕
婀娜 窈窕 娉婷 蜿蜒 姿态
或者 ， 我们 只该 仰脸 盯 着 空阔 的 天 。	空阔	a	7	遥远 广阔 广大 宽阔 空旷 开阔 宽大 辽阔
宽广
宽广 苍茫 宽阔 空旷 广阔 空阔 广大 宽大 苍白 平静
此外 ， 还有 一种 言之凿凿 的 说法 认为 ， 雪利酒 与 历史 上 曾一度 统治 西班牙 的 摩尔 人 有着 极为 密切 的 关系 。	言之凿凿	a	4	有理 确认 可靠 可信 确切 合理 毋庸置疑 确实 准确 确定 真实 千真万确 切实 铁证如山 肯定
可能
可能 言之凿凿 相反 类似 相对 可靠 可信 相似 其他 不定
鲁尔区 是 欧洲 最大 最老 的 工业区 之一 ， 也 是 德国 人口 最 稠密 的 地区 之一 。	稠密	a	14	浓密 密集 细密 致密 繁密 密 众多 繁多 集中
密集
密集 稠密 稀少 集中 浓密 密 多 稀缺 集散
与其 相比 ， 去年 的 生肖 鼠 ， 则 是 聪慧 狡黠 却 又 诡计多端 和 自私自利 的 化身 。	狡黠	a	11	狡猾 刁滑 调皮 顽皮 奸猾 淘气 机灵 奸诈 奸邪 机智
狡猾
狡猾 聪明 狡黠 敏捷 敏感 诡谲
老板 们 尚未 就 主教练 的 长期 选择 做出 最终 决定 ， 但 现在 的 教练 班子 相当 给力 。	给力	a	18	强 强大 强势 用心 带劲 好 给劲 有能力 优秀 有用
强力
强力 好 给 稳定 强大 强劲 满足 满意
果香 怡人 ， 树莓 ， 樱桃 和 李子 的 芬芳 浓郁 ， 呈 酱紫 色 。	酱紫	a	13	深紫色 紫色 紫 紫红 红紫 酱红 绛紫 深紫
紫
紫 淡黄 紫红 酱 淡红
我 好 嗨森 啊 。	嗨森	a	2	开心 高兴 快乐 喜悦 疯狂 疯
激动
激动 疯狂 激情 帅 嗨
这件 事 真的 非常 捉急 。	捉急	a	4	着急 急 心急 紧急 焦急 急迫
可惜
可惜 可怕 难 伤心 伤感 急 可悲 难过 费力 伤人
好滴 ， 我 马上 就 来 。	好滴	a	0	好的 好吧 好啦 嗯 好 哦 可以 知道了 嗯嗯
的
的 哈哈 滴
祝 我们 1314 哦 。	1314	a	2	一生一世 百年好合 白头偕老 白头到老 幸福
成功
成功 好运 快乐 大家都能 成长 成绩 好心 快运
想想 还 真是 鸡动 呢 。	鸡动	a	3	激动 兴奋 激昂 心动
不错
不错 心疼 动 鸡 心动 鸡心
他 发现 ， 这些 讨论 常常 使 他 注意 到 自己 忽略 了 的 要点 ， 并 对 似懂非懂 的 内容 豁然 开通 。	似懂非懂	a	18	一知半解 不懂 不会 半懂不懂 不解 没明白 不清楚
错误
似懂非懂 错误 未来 未知 若懂非懂 非懂而不 不懂而不 像懂懂懂
我 的 身体 在 太阳光 中 ， 照耀 得 这般 明亮 ， 使 我 觉得 十分 骄傲 ， 现在 我 如果 滑脱 了 斧头 ， 就 不打紧 了 ， 因为 再也 不 能够 砍掉 我 什么 了 。	不打紧	a	26	不要紧 不怕 没关系 没事 安全 无所谓 平安 不重要 安好
紧张
紧张 没用 没事 关心 紧急 打紧 关注
人 都 安然无恙 ， 我们 都 能 平安地 涉水 上岸 。	安然无恙	a	2	平安 安全 安好 没事 完好无损 无恙 安然如故 平安无事
安全
安全 平安 健康 安然 平静 无辜 健全
11 月 的 巴西利亚 高原 ， 草木 葱茏 ， 气候宜人 。	葱茏	a	7	茂盛 葱郁 碧绿 葱翠 翠绿 多 长势好 苍翠 苍郁 茂密
葱茏
葱茏 繁茂 盎然 葱葱 葱 葳蕤
吃 过 东西 后 狮子 就 躺 在 柔软 的 稻草 上 ， 多萝茜 则 枕着 他 那 柔软 、 蓬松 的 长长 鬃毛 ， 躺 在 他 的 边上 。	蓬松	a	20	松散 松软 疏松 松 柔软 宽松 稀松
松软
蓬松 松软 粗糙 松 蓬 慵懒 勃发 松紧
奇异 而 超然 ， 却 感人至深 ； 阴郁 却 真挚 。	真挚	a	9	真诚 诚恳 真心 恳切 诚心 竭诚 热诚 诚实 诚挚 纯真
真诚
真诚 真挚 纯朴 实在 深厚 深挚 纯粹 真 虚伪 实诚
这是 一场 艰难 的 行进 ， 要 穿过 浓密 的 树林 ， 崎岖 的 山路 和 峡谷 。	崎岖	a	12	曲折 起伏 不平 凹凸 弯曲 陡峭 此起彼伏 此伏彼起 险阻 高低不平 低洼 坎坷 起起伏伏 凹凸不平
蜿蜒
崎岖 蜿蜒 艰难 陡峭 陡 迂曲
金士百 公司 摸 着 石头 创造性 的 探索 着 前行 ， 走过 了 23 载 充满 艰辛 而 豪迈 的 奋斗 历程 。	豪迈	a	18	雄壮 雄伟 宏伟 豪爽 旷达 澎湃 豪放 豁达 壮阔 浩荡
豪迈
豪迈 奔放 勇气 壮阔 迈 壮志
她 住 在 玉米地 边 的 山畔 ， 接近 那股 嬉笑 着 流经 古树 的 肃静 的 阴影 的 清泉 。	肃静	a	15	安静 寂静 沉静 僻静 清静 宁静 清净 恬静 静 庄严 幽静 沉默
寂静
寂静 静谧 静寂 静 肃静 寂寞 松动
而且 要 想 表示 最 诚恳 、 最 热烈 的 致敬 ， 祝贺 你 的 可 钦佩 的 表现 ， 反间谍 工作 的 业绩 使得 晚报 宣布 逮捕 了 三百个 第五纵队 队员 。	诚恳	a	5	真诚 真心 诚心 热诚 至诚 衷心 赤忱 真切 虔诚 恳切 诚挚 厚道
真诚
真诚 诚恳 诚挚 真挚 诚 忠诚 诚实 忠实
像 雷克脱 饭店 一样 ， 店堂 里 一盏盏 美丽 的 枝 形大 吊灯 大 放 光明 ， 把 酒家 点缀 得 艳丽 典雅 。	典雅	a	22	雅致 优雅 文雅 雅观 清雅 高雅 高贵 淡雅 儒雅 古典
优雅
典雅 优雅 优美 雅致 庄重 雅 华丽 优秀 华美 典
为了 遮掩 自己 扭曲 的 面容 ， 西迪厄斯 重新 穿 起 古朴 的 西斯 长袍 。	古朴	a	11	老式 古老 古拙 朴素 古雅 古旧 简单 传统 旧 老旧 古色古香
传统
传统 古朴 古老 原来 原有 原本 老式 传奇 清新 新
当 博尔德 伍德 起来 穿 上 衣服 的 时候 ， 那 澄澈 万里 的 天穹 中 的 亮度 竟 还 不及 阴霾 的 中午 时分 的 天空 。	澄澈	a	11	清澈 清亮 明净 清 干净 清明 明澈 纯净 清澄 洁净
清澈
清澈 澄澈 清晰 澄 浑浊
他 继续 在 雅加达 一条 喧闹 和 拥挤 的 街道 上 出售 很 受欢迎 的 油炸 小吃 — — 以 发酵 的 大豆 做成 的 豆豉 糕 。	喧闹	a	5	吵闹 嘈杂 闹腾 喧哗 闹吵 吵 闹 热闹 尘嚣 鼎沸 喧嚣
嘈杂
嘈杂 喧闹 繁华 吵闹 闹 繁忙 吵嚷
相反 ， 她 个性 坚强 ， 机智 聪慧 ， 有 这样 一个 出类拔萃 的 女儿 ， 贝尔 · 奥 加纳 感到 非常 自豪 ， 对莱娅 更是 疼爱 有加 。	聪慧	a	7	聪明 聪敏 机灵 聪颖 明慧 灵巧 伶俐
聪明
聪明 聪慧 敏捷 可爱 敏慧 智慧 敏感 明慧 明智 可亲
提起 这个 题目 我 又 要 提起 一段 往事 — — 后来 每每 回想起来 就让 我 有些 黯然神伤 的 往事 。	黯然神伤	a	17	伤心 心痛 沮丧 心酸 消沉 痛苦 悲伤 伤感 惨痛 伤痛 悲哀 悲苦 哀伤 沉痛 心如刀割
难过
难过 黯然神伤 悲伤 心酸 难忘 悲痛 难受 悲凉 黯然
初拥 往往 带来 非常 强烈 的 感受 ， 夹杂 著 惊惧 与 狂喜 的 情绪 ， 这 经过 会 使 该 血族 永难 忘怀 。	狂喜	a	12	高兴 快乐 兴奋 欢天喜地 喜悦 欢喜 欣喜若狂 喜出望外 惊喜 开心 欣喜 大喜过望 愉悦 兴高采烈 欢快 极端高兴
惊讶
惊讶 狂喜 惊喜 狂欢 骄傲 喜 狂怒 疯狂 癫狂 狂
那些 匆匆 记下 的 只言片语 唤醒 她们 的 回忆 ， 也 促使 她们 搜寻 其他 久 被 遗忘 的 可贵 食谱 。	遗忘	a	17	忘记 忘掉 忘却 忘怀 忘 淡忘
忘记
忘记 遗忘 忘却 忘 淘汰 遗弃 丢失 遗失 遗 丢弃
他 十分 敏感 ， 局促不安 ， 对面 的 一双 眼睛 在 信纸 上方 偷偷地 瞟 了 他 一眼 ， 那 愉悦 的 迷光 让 他 觉得 像 被 匕首 刺中 一样 难受 。	愉悦	a	20	高兴 开心 快乐 欢快 喜悦 欢乐 愉快 欣喜
喜悦
喜悦 愉悦 愉快 喜欢 悦目 爽快 样
据 新华社 报道 ， 熊猫 阿宝和 他 的 极品 功夫 大师 们 即将 移师 电视 荧屏 。	极品	a	8	特等 特级 好 一流 绝世 绝代 最好 最强 极好 最佳 上等 强大 顶级 杰出 著名 卓越 顶尖
超级
极品 超级 品 终极 绝妙 极 极致 绝代
为了 利用 不断 放宽 的 投资 渠道 ， 尽量 获得 与 风险 相匹配 的 高 收益 ， 我们 仍须 加强 保险公司 的 投资 研究 。	放宽	a	3	放松 放开 变宽 增加 扩展 增多 宽松 扩宽 扩大
扩大
扩大 放宽 放松 扩展 开放 放 开拓 宽松 宽 宽广
你 曾经 遇过 最 棘手 的 困难 是 什 麽 ？ 你 如何 克服 的 ？	棘手	a	4	困难 艰难 难 吃力 难办 费劲 费力 严重 艰巨
艰难
棘手 艰难 难过 矛盾 紧张 难受 紧要 艰辛 手 矛头
我们 顶 着 火辣辣 的 太阳 ， 一步 一步 地 爬 上山 ， 15 分钟 之后 ， 终于 爬 到 顶 了 。	火辣辣	a	3	火辣 炎热 火热 酷热 热 炎炎 炽热 炙热 热辣 灼热
火辣
火辣 炙热 火热 热烈 刺激 辣椒 炙烤 火烧
就是 这样 的 莫名其妙 的 ， 作者 的 开篇 ， 让 我 看 得 很 无语 ， 太 多 没有 介绍 清楚 ， 只是 一笔带过 。	莫名其妙	a	3	没来由 无语 奇葩 诡异 不合理 奇怪 奇妙 平白无故 费解 无理 没有理由 无理由 无缘无故 没有原因
无聊
莫名其妙 无聊 无名 不妙
此 反应 属 分子 内 反应 ， 因而 快速 且 干净 利索 。	利索	a	11	利落 灵活 爽利 灵巧 灵敏 麻利 干脆
清晰
清晰 干净 利索 便捷 顺利 便利 利 清洁 的
埃尔 · 马 罗格 女士 离家出走 后 以 跳 肚皮舞 为生 ， 她 说 她 向 一个 意大利 百万富翁 讲 了 自己 的 凄惨 遭遇 后 ， 那个 人 主动 给 了 她 7000 欧元 （ 9800 美元 ） 。	凄惨	a	23	悲惨 惨痛 悲凉 艰难 凄楚 痛苦 凄切 凄苦 凄凉 悲剧
悲惨
悲惨 凄惨 凄凉 惨痛 惨 惨烈 艰难 尴尬 凄苦 悲伤
她 的 眼睛 因 兴奋 而 睁 得 滚圆 。	滚圆	a	8	浑圆 圆滚滚 圆溜溜 圆乎乎 很大 溜圆 圆圆的 很圆 圆圆 非常圆
圆
圆 滚圆 圆满 飞快 滚 飞转
比西 街上 挤满 了 慢条斯理 走路 的 行人 ， 酒吧 大门 敞开 着 ， 路边 摆着 自行车 。	慢条斯理	a	4	缓缓 舒缓 慢腾腾 徐徐 慢悠悠 缓慢 慢速 从容 慢慢 慢慢吞吞 慢慢悠悠 不慌不忙
缓慢
慢条斯理 缓慢 整理 整个
但 法庭 文件 显示 ， 墨菲 是 个 性情 烦躁 、 满腹牢骚 的 间谍 机构 的 雇员 ， 他 甚至 还是 个 头目 ， 负责 向 其 同伙 发放 现金 及 计算机设备 。	烦躁	a	9	烦闷 急躁 狂躁 烦恼 烦乱 暴躁 沉闷 焦躁
烦躁
烦躁 恼火 烦 烦恼 恼怒 急躁 狂热 狂躁 狂怒 脏乱
他 的 笑容 真的 好 憨 哦 。	憨	a	5	可爱 傻 甜 憨厚 可人 淳朴 朴实 浑厚 老实 痴呆 天真 忠厚
可爱
可爱 好看 憨 可怜 帅 可人 搞笑
进而 从 浩瀚 的 历史进程 中 ， 隐约 看到 未来 的 人类 必将 实现 最终 的 统一 ， 并 从此 得到 最终 的 永生 ！	浩瀚	a	2	广阔 广大 庞大 宽阔 辽阔 伟大 浩大 浩渺 开阔 无边 宏大 浩荡 茫茫 无际 宽广
巨大
浩瀚 巨大 璀璨 漫漫 浩渺 伟大 漫长
人类 没有 壮大 的 肢体 ， 身材 并 不 魁梧 ， 所以 他 得 设法 缩小 他 的 世界 ， 用 墙垣 来 圈起 一个 适宜 于 他 的 空间 。	魁梧	a	9	高大 强壮 伟岸 壮硕 壮实 巍然 巍峨 强健 健壮
粗壮
魁梧 粗壮 高 健壮 强壮 强大 肥厚 肥壮
一次 又 一次 的 事件 让 我们 不停 的 向 世界 展示 我们 中国 人 的 傲骨 ， 这是 一种 中国 不屈 、 刚毅 、 团结 与 谦逊 的 中国 精神 ！	刚毅	a	23	坚强 勇敢 刚强 不屈 顽强 刚正 坚毅 刚烈 强硬 刚直 有毅力 硬气 坚韧
坚毅
坚毅 坚韧 刚毅 坚强 强硬 刚强 刚 强悍
亲爱 的 安妮 ： 在 我 工作 的 团队 ， 有 一个 聪明 伶俐 且 充满 才气 的 年轻 女孩 ， 她 很 有 发展潜力 。	伶俐	a	13	聪明 聪慧 机智 灵敏 灵巧 智慧 灵活 机灵 明慧 灵动 聪敏 有智慧 聪颖
聪明
伶俐 聪明 漂亮 聪慧 犀利 伶仃
美国 荒蛮 的 金融业 在 2007 - 2008 年 濒于 崩溃 ， 但是 导致 崩溃 的 深层次 结构性 问题 并未 充分 地 揭露 出来 。	荒蛮	a	1	荒凉 萧条 疯狂 狂野 稀少 荒废 蛮横 萧瑟 荒芜 强横 霸道 野蛮
恐怖
恐怖 疯狂 新 荒谬 荒
母亲 那 满怀 期待 与 渴盼 的 目光 时时 在 我 脑海中 闪现 ， 成为 精神 的 寄托 与 拼搏 的 勇气 。	渴盼	a	5	渴望 盼望 期盼 希望 期待 期望
渴望
渴望 希望 盼望 期待 期盼 渴盼 期望 盼 爱 欲望
沪 菜 要 比 粤菜 口味 浓重 一些 ， 而 烹调 的 时间 也 略微 长 一点 。	沪	a	0	上海
海南
海南 沪 浙 海 海鲜 海味
这 一刻 ， 让 云儿 将 我 最深 的 思念 捎 到 你 的 身边 ， 点缀 你 那 甜蜜 的 梦 ， 愿 你 拥有 一个 幸福美满 的 新年 ！	甜蜜	a	19	美好 美丽 幸福 甜美 甜 甜甜 美满 亲密 甘甜 甘美 甜丝丝
美丽
甜蜜 美丽 温馨 温暖 甜美 甜 圆满 蜜
在 打折 商店 也许 买不到 端庄 的 晚礼服 ， 但 它 却是 抢购 T恤衫 、 弹力 裤 和 棉质 内衣 的 极佳 地方 。	端庄	a	5	庄重 庄严 优雅 大方 高雅 稳重 得体 端正 沉稳 漂亮
高雅
端庄 高雅 雅致 奢华 端 奢侈 高贵 庄 昂贵 高端
这些 女人 多数 悦目 ， 此中 有些 标致 可爱 ， 但 称得上 美丽动人 的 寥寥无几 。	标致	a	7	美貌 美丽 柔美 上相 美 优雅 体面 好看 漂亮 曼妙
精致
精致 高雅 高贵 标致 很 标准 精神 清晰 清纯 致
哈利 在 这个 崭新 的 世界 里 最先 学到 的 事情 之一 就是 大多数 他 一直 接触 的 麻瓜 科技 在 这里 是 不 适用 的 。	崭新	a	3	全新 新 新鲜 清新 新奇
新
新 崭新 全新 创造 新鲜 旧 新奇 新生 创新 创意
屏保 中 那个 橙色 的 、 类似 于 手枪 瞄准 的 图形 表示 的 是 你 的 计算机 当前 正在 搜索 的 天空 位置 。	搜索	a	20	查找 寻找 找寻 搜寻 找 搜 探寻 探求 检索 搜查
寻找
寻找 搜索 搜寻 搜 查找 探索 探测 查询 查看 看
我 也 喜欢 做 冒险 的 事情 ， 如 滑雪 ， 骑 摩托车 和 爬山 ， 但 我 不 经常 做 这些 运动 ， 我 是 很 慎重 的 。	慎重	a	27	小心 稳重 谨慎 仔细
谨慎
谨慎 慎重 重视 重要 严谨 重 麻烦 严重 重重
二十世纪 的 某 一个 清晨 ， 正值 黎明 时份 ， 一队 探险 队伍 离开 了 烟雾弥漫 的 伦敦 ， 起程 前往 南美洲 探索 一处 人迹罕至 的 燎原 。	人迹罕至	a	24	荒凉 遥远 地广人稀 人少 没人 无人 偏 人烟稀少 偏僻 渺无人烟 荒僻
神秘
人迹罕至 神秘 稀少 神奇 罕见 神圣 稀有 罕有 奇妙 奇迹
人声鼎沸 的 拍卖 大厅 里 ， 10 位 买家 对 这 尊六 英尺 高 的 雕塑 作品 展开 竞价 ， 雕塑 于 1960 年 构思 并 在 一年 之后 完成 。	人声鼎沸	a	0	人多 吵闹 热闹 喧闹 闹腾 喧嚣 嘈杂 热闹 吵杂 吵吵嚷嚷
鼎沸
鼎沸 沸腾 声响 人潮
十字路口 横亘 面前 ， 他 在 犹豫 ， 在 徘徊 ， 不 知道 朝 什么 方向 走 下去 。	徘徊	v	9	迟疑 纠结 抉择 动摇 晃悠 来回走 动摇 停留 犹豫 徜徉 来回走动 逗留
犹豫
犹豫 徘徊 坚持 纠缠
又 如 有 的 学生 在 考试 时 非常 希望 考好 或 唯恐 考 不好 ， 引起 情绪 紧张 ， 抑制 了 需要 回忆 的 答案 。	唯恐	v	12	担心 害怕 生怕 怕 惧怕 畏惧 恐惧 也许 恐怕 兴许
怕
怕 唯恐 惟恐 担心 恐 担忧 只怕
但是 ， 一切 钢琴 上 的 成就 都 难以 慰藉 极其 痛苦 的 亡国 之恨 。	慰藉	v	9	安慰 抚慰 安抚 抚平 掩盖 缓解 慰问 宽慰 排遣 掩饰 告慰
安慰
安慰 慰藉 抚慰 掩饰 安抚 掩盖 抚养 疗养
当时 的 中国 社会 ， 正 处于 清朝 封建统治 濒临 崩溃 、 西方 殖民主义者 加紧 向 我国 侵略扩张 的 动荡 年代 。	濒临	v	9	接近 靠近 即将 临近 将 邻近 将要 快要 面临 几近 挨近 贴近
面临
濒临 面临 临 临近 近乎
许多 人 都 很 钦佩 马克思 的 记忆力 ， 他 在 讲话 时 可以 随口 引述 原文 、 数字 ， 并 指明 它们 的 出处 。	钦佩	v	4	佩服 敬佩 敬重 崇拜 敬仰 赞叹
佩服
钦佩 佩服 敬佩 羡慕 敬仰 欣赏 佩 敬服 欣喜
去年 以来 ， 已有 一百三十 多批 七百多名 外国 人士 前来 考查 或 洽谈 合作 。	洽谈	v	12	商谈 谈判 探讨 会商 商洽 协商 接洽 商量 商议 谈论 面洽 商讨 磋商
谈判
洽谈 谈判 讨论 谈 探讨 谈话 探求
这种 爱情 ， 使 他 摒弃 了 个人 的 恩怨 得失 、 离合悲欢 ， 使 他 的 灵魂 逐渐 净化 、 升华 成为 美的 结晶 ！	摒弃	v	5	丢弃 舍弃 抛弃 遗弃 扔下 撇下 丢掉 丢下 丢开 唾弃 放开 撇弃 抛开 甩掉 放弃
抛弃
摒弃 抛弃 放弃 摈弃 舍弃 抛却 摈除 忘
然而 ， 你 可 不要 藐视 这仅 有 三千余 万 公尺 面积 的 小岛 ， 它 是 浙江省 渔业 的 唯一 根据地 ， 同时 ， 也 是 年产 食盐 六十万 担 的 制造场 。	藐视	v	5	小看 忽略 无视 忽视 鄙视 轻视 看轻 蔑视 看不起 鄙夷 轻看
忽视
忽视 轻视 忽略 小瞧 蔑视 藐视 看 小视 小觑 轻信
我们 以为 自己 会 拯救 或 造福 一些 人 ， 却 在 同时 不可避免 地 造成 更大 的 伤害 。	造福	v	6	有益 帮助 方便 利于 成就 谋福利 救济 惠及 接济
成就
造福 成就 成功 造就 建立 造 福
这样 对 科学 和 理性 的 绝对 推崇 ， 进而 对 情感 的 蔑视 ， 并 不是 《 瑞克 和 莫蒂 》 的 特色 ， 而是 一直 以来 哲学 传统 的 一种 延续 。	推崇	v	7	尊重 重视 看重 追捧 崇拜 珍视 注重 崇敬 倚重 器重 敬重 提倡 崇尚
提倡
提倡 推崇 推 崇拜 崇敬 追捧 提醒 追逐 崇
黑龙江省 一 工人 携 鸦片 来 沪 ， 在 公共场所 高价 兜售 ， 被 公安人员 当场 扭获 ， 同案犯 也 被 拘捕 。	兜售	v	11	售卖 卖出 卖 出售 出卖 推销 贩卖 销售 出手 转卖
销售
销售 兜售 售 售卖 贩卖 转卖 贩毒 兜 销赃 兜卖
她 是 在 肯尼亚 邂逅 丈夫 的 。	邂逅	v	4	遇见 碰上 认识 见到 巧遇 偶遇 碰到 碰见 结识
遇见
邂逅 遇见 认识 碰见 结婚 结识 找 娶 认定
他 一生 戎马 疆场 ， 血染 征鞍 ， 为 缔造 中华民国 鞠躬尽瘁 ， 立下 了 卓越 的 功勋 。	缔造	v	9	创立 建设 创建 成立 创造 建立 造就 开创 创设 建造
创建
缔造 创建 创造 创立 塑造 维护 造 维持
这件 事 发生 以后 ， 伪 人员 们 都 吓 得 不敢 作 坏事 了 ， 有些 讹诈 了 钱 的 ， 也 找到 原主 退 了 。	讹诈	v	17	敲诈 诈取 勒索 诓骗 骗 欺诈 诈骗 欺骗
敲诈
敲诈 骗 讹诈 诈骗 讹 诈取 诬陷
生命 之页 不能 留下 空白 ， 我 不能 虚度 光阴 空 等待 ！	虚度	v	8	消磨 浪费 打发 花费 鬼混 挥霍 虚耗 耗费
错过
虚度 错过 度 虚
他 踌躇 片刻 ， 走 过去 抓起 电话 听筒 。	踌躇	v	1	犹豫 迟疑 犹疑 动摇 徘徊 踟蹰
犹豫
犹豫 踌躇 徘徊 犹疑 愣
加强 民族团结 捍卫 国家 完整 。	捍卫	v	2	保卫 保护 护卫 守卫 守护 侍卫 防卫 维护
维护
维护 捍卫 保卫 保护 守护 保障 维持 守卫 和 卫
栀子花 色白 ， 香气 浓郁 ， 果 可以 做 染料 ， 也 可以 入药 ， 还有 ' 水横枝 ' 的 雅号 ， 很受 人 钟爱 。	钟爱	v	24	喜爱 热爱 喜欢 爱护 爱 疼爱 宠爱 中意 钟意 偏爱
喜爱
喜爱 钟爱 喜欢 爱 宠爱 喜好 钟
他 的 面容 安静 而 严肃 ， 一位 伟大 人物 在 思索 自己 的 国家 、 人民 和 人类 的 光明 的 未来 。	思索	v	11	寻找 寻求 思考 考虑 思量 想 研究 思虑 盘算 探索 构思
思考
思考 考虑 探索 寻找 思索 想 探讨 思 考验 寻求
中国 传统 文化 既有 鄙薄 技术 、 看不起 匠人 的 保守 一面 ， 又 有 积极 利 人生 的 功利主义 的 一面 。	鄙薄	v	4	轻视 鄙视 小看 蔑视 小视 藐视 看轻 轻看 轻蔑 看不起 鄙弃
鄙视
鄙视 蔑视 鄙薄 藐视 薄 崇尚
不管 他 胡诌 些 什么 ， 你 都 不要 信以为真 。	胡诌	v	2	说出 说过 乱讲 瞎说 胡说 乱说 说谎 胡扯 撒谎 扯淡 胡编乱造 扯谎 瞎扯 瞎编
胡说
胡说 瞎说 说
这是 一只 火中 的 凤凰 ， 一只 新生 的 凤凰 ， 它 在 大火 之中 涅槃 。	涅槃	v	15	重生 复活 复生 回生 再生 脱胎换骨 新生 成长
凤凰
凤凰 降临 涅槃 降生 飞行 飞翔
我 从小 在 这种 风气 的 熏陶 下 ， 自然 对 品茶 就 懂得 点 门道 了 。	熏陶	v	6	影响 培养 教育 驱使 潜移默化 陶冶 教化 感染
栽培
熏陶 栽培 滋养 濡染 熏 熏染 陶
没 能 参加 渡 长江 的 战役 ， 是 玉德 最为 惋惜 的 事情 。	惋惜	v	11	可惜 痛惜 痛心 叹惜 后悔 怜惜 心疼 遗憾 怅然
遗憾
惋惜 遗憾 悲伤 可惜 郁闷 可悲
特权阶级 若能 容纳 他 阶级 之 意见 ， 关切 公共 之 需要 ， 体恤 下层 阶级 ， 则 其他 社会 团体 决不 至 乞灵 革命 。	体恤	v	13	可怜 体谅 体贴 理解 同情 怜悯 怜惜 帮助 爱怜
照顾
体恤 照顾 尊重 体谅 关心 关爱 体贴 尊敬 惠及 体
可以 教给 他们 以 正确 的 思想 方法 ， 并用 事实 来 佐证 这种 方法 的 正确 。	佐证	v	12	证明 证实 说明 表明 证据 验证 凭据
证明
证明 说明 佐证 证实 印证 说 辩护 说服
交叉 抗药 现象 多见于 化学 结构 和 作用 机理 近似 的 、 或 化学 结构 不同 但 作用 机理 相仿 的 抗菌 药物 之间 。	相仿	v	19	相似 相近 近似 类似 差不多 相像 接近 切近 一致 一样
相似
相似 一样 相仿 相近 一致 类似 似 接近 近 近似
两边 一来一往 ， 如鱼 穿梭 ， 令人 眼花缭乱 ， 喝彩 之声 迭起 。	迭起	v	11	不断 不停 不止 持续 不住 不断产生 不休 不息
迭出
迭出 迭起 连连 涌动 起 迭 连发
中国共产党 诞生 后 ， 中国 革命 的 面貌 为之一新 ， 以 空前 的 广度 和 深度 发展 着 。	诞生	v	1	成立 出现 出世 组成 建立 创立 创建 产生
产生
诞生 产生 建立 创建 生 创立 建国 产权
今年 是 斯大林 诞生 一百周年 。	诞生	v	3	出生 降生 出世 落地
产生
诞生 产生 逝世 建立 死 建国 的 诞辰 产权
我 注视 着 前方 ， 车子 在 人流 中 穿梭 ， 耳朵 竟 被 他 那 娓娓动听 的 叙说 所 吸引 。	叙说	v	18	叙述 讲述 描述 诉说 话语 论述 讲话 阐述
叙述
叙述 讲述 述说 说 叙说 故事 叙 讲话
这 就 更 足以 想见 无论 在 怎样 困苦 中 ， 人们 对于 幸福生活 的 强烈 的 憧憬 。	憧憬	v	17	向往 期望 期待 渴望 遐想 展望 盼望 神往
期待
期待 憧憬 渴望 希望 期望 期盼 渴求 希冀 预期 爱
我 揣度 了 好 一会 ， 才 明白 她 刚才 一笑 的 含意 。	揣度	v	1	推测 理解 揣测 估计 推断 估量 想 思考 推理 估摸 猜测 猜想 考虑 盘算
琢磨
琢磨 猜测 揣度 猜度 揣 度 掂量 惦记
她 的 倩影 令 泰国 、 新加坡 、 新西兰 等 地 观众 为 之 倾倒 。	倾倒	v	14	佩服 服气 敬佩 惊叹 信服 折服 着迷 钦佩 迷倒 仰慕 痴迷 称道 倾心 沉迷 叹服
倾
倾倒 倾 倒 折服 沉醉 折腾 沉迷 痴迷 痴醉
这里 包括 前期 准备 工作 到 竣工 投产 的 一系列 工作 。	竣工	v	6	建成 结束 完工 收工 完成 完结 完毕 达成 落成
建设
竣工 建设 完成 开工 开始 投入 完全 建筑 开发 完工
为了 整饬 市容 的 缘故 ， 路边 不准 摆摊 ， 有些 小贩 便 只好 钻 到 高梁 桥 下去 了 。	整饬	v	1	整治 整理 整顿 治理 整改 收拾 清理 修整
整顿
整顿 整饬 清理 整 清洁 整洁 美容
总经理 当即 拍板 录用 了 她 。	拍板	v	2	决定 确定 决断 点头 明确
决定
决定 批准 拍板 就 签字 批评 签约 批复 决议 也
职场 中 敢于 直接 顶撞 领导 的 到底 是 些 什么 人 ？	顶撞	v	4	得罪 冒犯 冲撞 触犯 反对 顶嘴 冲犯 反驳 挑战
撞
顶撞 撞 碰撞 撞击 顶 挑战 勾搭 碰壁
狗狗 这样 对 你 并 不是 讨厌 你 ， 而是 在 稀罕 你 。	稀罕	v	11	喜欢 珍惜 稀奇 重视 喜爱 爱惜 疼爱 宠爱
珍惜
珍惜 喜欢 稀罕 珍视 爱 喜爱 恨 嫌弃 嫉妒 珍爱
伸个 懒腰 ， 活络 肩膀 ， 闭上眼睛 几分钟 ， 呼吸 。	活络	v	3	活动 运动 动 转动 舒缓 挺起
活动
活络 活动 运动 活 络
在 这个 电影 里 ， 熟稔 拷问 技术 的 法国 将领 本人 曾经 是 反 纳粹 地下组织 的 成员 。	熟稔	v	5	了解 熟悉 熟练 熟识 精通 懂得 熟知 认识 掌握
熟悉
熟悉 熟稔 习惯 娴熟 熟谙 熟 悉
尽管 他们 常有 身体 上 的 的 亲昵 行为 ， 但 哈莉特 还是 隐约 感到 有种 愈来愈 强 、 扼制 不住 的 欲望 没有 得到 满足 。	亲昵	v	7	亲密 亲近 亲切 热情 亲热 密切 接近 爱抚 接吻
紧张
亲昵 紧张 暧昧 亲密 激烈 激动 紧密 亲吻 激情 性
我们 已 研究 过 伦敦 、 巴黎 与 香港 地铁 系统 的 经验 ， 我们 的 系统 将 从中 撷取 长处 。 加佑夫 说 。	撷取	v	19	学习 收集 吸取 获取 提取 取得 采取 取用 获得 汲取 借鉴 选取 选择
汲取
汲取 取 撷取 取得 寻找 获取 获得 得 获益
兜里 不 放 东西 都 是 到处 溜达 ， 这样 的 小 自由 真让人 感觉 很棒 。	溜达	v	7	散步 漫步 走 转悠 闲逛 走动 逛
走
溜达 走 奔跑 溜 奔走 转达
冷 魅辰 不由 的 微微 蹙眉 ， 沉 声道 ， “ 你 真的 不 知道 ， 她 去 了 哪儿 。 ”	蹙眉	v	5	皱眉
皱眉
皱眉 颔首 抿嘴 眉
从 飞机 上 鸟瞰 ， 你 可以 看到 从 日本 这个 曾经 最大 的 炼油厂 内冒出 的 滚滚 浓烟 ， 在 地震 发生 后 的 24 小时 里 厂 内 的 大火 一直 没有 停止 过 燃烧 。	鸟瞰	v	3	俯视 俯瞰 俯看 往下看
俯瞰
俯瞰 鸟瞰 俯视 远眺 远望 看 飞掠
我 想 大约 有 六七个 人 ， 几年 前 ， 我 瞅见 过 他们 。	瞅见	v	11	看见 碰到 碰见 见到 瞧见 望见 见 看到 瞥见
见
见 看见 瞅见 瞥见 看
我 的 白昼 已经 完 了 ， 我象 一只 泊 在 海滩 上 的 小船 ， 谛听 着 晚潮 跳舞 。	谛听	v	16	倾听 听 聆听 静听 细听 欣赏
倾听
倾听 听 看
你 会 觉得 自己 是 一名 娴熟 的 舵手 ， 邀游 在 壮阔 的 大海 中 ， 亦 或是 一只 大鹏 ， 翱翔 在 蔚蓝 广阔 的 天空 。	翱翔	v	22	飞翔 飞行 高飞 飞舞 飞 遨游 展翅
飞翔
翱翔 飞翔 飞行 飞 遨游 驾驶 飞跃
一头 栽倒 在 水中 后 ， 他 感觉 到 脉搏 加快 。	栽倒	v	1	摔倒 摔落 晕倒 昏倒 跌倒 倒 绊倒 摔
晕倒
栽倒 晕倒 倒 昏倒 栽 昏迷 昏死
我 不忍心 看到 牛 临死前 惊恐 、 流泪 、 战栗 的 样子 。	战栗	v	9	发抖 颤抖 害怕 哆嗦 抖 颤栗 打颤 恐怖 颤动
怯懦
战栗 怯懦 栗 斗
在 跟踪 猎物 的 时候 ， 花豹 一般 会 用 肚子 贴近 地面 ， 匍匐 前行 。	匍匐	v	14	爬行 爬着 伏地
匍匐
匍匐 蜷缩 仰卧 再
从 某种意义 上 说 ， 这种 方式 承袭 了 美国 文学 自我 解剖 的 悠久 传统 。	承袭	v	7	继承 承继 秉承 传承 承接 坚持 延续
继承
继承 沿袭 承袭 延续 继续 承 承传 遗传
袁世凯 迅速 篡夺 了 辛亥革命 的 胜利果实 。	篡夺	v	2	夺取 争夺 抢夺 夺走 掠夺 谋取 占据
夺取
夺取 篡夺 占领 夺 取得 占据 拿下
超过 二百名 青年 会员 进行 誓师 仪式 。	誓师	v	5	动员 发誓 鼓动 出征 宣誓
祝贺
祝贺 结婚 的 开会 祝福 结束 誓师 授权 了 开业
去年 纳达尔 和 费德勒 鏖战 了 将近 5 个 小时 ， 双方 都 勇猛 无比 ， 最终 西班牙人 结束 了 瑞士人 在 全英 俱乐部 的 统治 。	鏖战	v	4	对抗 对战 奋战 比赛 苦战 激战 战斗 血战 死战 酣战 鏖斗
激战
激战 鏖战 奋战 战 激烈 奋斗 冷战 奋争 热血 热战
黄裳 回到 大帐 ， 命 手下 官兵 将 光明 顶上 所有 尸首 都 入土 安葬 ， 然后 班师 回朝 。	班师	v	17	收兵 撤兵 带兵 退兵 撤退 撤走 撤防 凯旋 撤军
返回
班师 返回 乘车 乘机 再 班
我 在 一家 采铜 公司 工作 。 这 是 由 一家 英国 矿物 公司 和 一家 中国 矿物局 合资 兴办 的 企业 。	兴办	v	19	开办 创立 开设 创设 开 创办 设立 办 成立 开发 创造 建立
办
办 设立 建立 创办 兴办 兴建 创建 创立 建设
深信 这次 访问 将 使 日益 发展 的 韩中 关系 更上一层楼 ， 为 两国 友好合作 开辟 新 的 前景 。	开辟	v	15	开拓 打开 开发 创造 创建
创造
创造 开辟 开拓 开 开创 拓展 打开
数以千计 的 被 遣散 的 士兵 足以 证明 一些 国会 的 议员 和 总统 乌里韦 的 支持者 被 牵连 其中 。	遣散	v	3	解散 赶走 驱逐 驱散 辞退 解雇 散伙
解散
解散 解雇 派遣 驱逐 撤离 遣散 撤退 捕 解放 驱散
这个 委员会 的 提议 也 要求 国会 在 30 天内 作出 定夺 ： 是否 批准 参与 重大 武装冲突 。	定夺	v	11	决定 决断 表决 决策 决议 决计 裁决 抉择 确定 裁定 定论 定断
决定
决定 定夺 判断 定 选择 裁决 决策 选定 裁夺 判决
现 按照 以下 前提 和 条款 委任 B 作为 其 全球 包销商 ， 并 在 全球 为 其 配送 ， 销售 和 推广 产品 。	委任	v	6	指定 委派 任命 任用 派 授权 聘用
任命
任命 任 委任 委托 邀请 请求 聘任 将 聘请 聘用
该 组织 说 目前 正在 考虑 采取 军事行动 罢黜 巴博 ， 如果 他 不 放弃 权力 的话 。	罢黜	v	8	推翻 罢免 撤职 免去 免职 撤掉 解除 解雇 清退 辞退 黜免 革除
废黜
废黜 废除 罢 讨伐 废止 讨论 劝退
请 垂直 码放 玻璃 。	码放	v	2	放置 放 安放 放好 摆放 搁放 安放 堆放
摆放
摆放 放 码放 码 释放
灯饰 装璜 的 秘诀 在于 找到 合乎 居室 的 平衡点 。	装璜	v	1	设计 摆放 装修 装饰 装点 装潢 点缀 修饰 装配
设计
设计 装饰 装修 装 安装 饰品 修饰
这 是 给 你 的 公寓 或 房子 拾掇 一下 的 好时机 。	拾掇	v	8	收拾 整理 整修 重整 料理 装修 修复 规整 打扫
收拾
收拾 拾掇 整理 洗 收藏 整洁 收纳
这个 18 岁 的 女孩 在 她 父母 豢养 了 超过 120 只 动物 的 大 动物园 里 全职 工作 ， 在此之前 ， 她 学习 动物 管理学 。	豢养	v	8	饲养 喂养 养 蓄养 驯养 圈养 养育 放养 养殖
饲养
饲养 豢养 养 喂养 喂食 驯养 喂
在 半年前 ， 中国 的 房地产 开发商 们 还 沉浸 在 一场 采购 狂欢 之中 ， 一门心思 想着 如何 大肆 举债 以 尽可能 多地 屯积 更贵 、 更 多 的 土地 。	举债	v	20	借债 借贷 借款 借钱 欠债 举借 贷款
借贷
借贷 举债 行贿 借债 发展 可 举 行货
我 为 你们 害怕 ． 惟恐 我 在 你们 身上 是 枉费 了 工夫 。	枉费	v	11	白费 徒劳 白花 浪费 空费
耽误
耽误 枉费 蹉跎 耽搁 费 枉 错误 误用
那些 书 主题 新 颍 ， 可以 启迪 艺术家 的 灵感 。	启迪	v	7	启发 培养 开发 开拓 引发 引导 启蒙 刺激 开导 开发 激活 激发
启发
启发 激发 激励 开拓 启迪 引起 启 给 开发 引发
每天花 时间 去 操练 英语 并 持之以恒 ， 你 的 英语 将 取得 巨大 提升 ！	操练	v	3	练习 复习 练 训练 操演 锻炼 演练
训练
训练 学 操练 锻炼 练 琢磨 运用 运动
面对 艰难困苦 ， 懦弱 者 被 磨 去 棱角 ； 勇敢者 将 意志品质 磨砺 得 更为 坚强 。	磨砺	v	13	锻炼 磨练 锤炼 训练 历练 砥砺 磨炼
锻炼
磨砺 锻炼 锤炼 磨炼 磨
赛义德 的 后殖民 理论 主要 包括 对 东方学 的 剖析 、 对 话语 革命 策略 的 探索 ， 以及 对 未来 理想 文化 蓝图 的 建构 。	剖析	v	9	分析 思考 认识 解析 分解 辨析 理解 剖解 阐明
分析
分析 剖析 探索 探讨 分辨 剖 切割 分裂 剥离
联合国粮农组织 为 世界 各国 编纂 了 这种 调查 记录 ， 但是 它们 的 制作 时间 长 ， 而且 可能 不 一致 。	编纂	v	4	编写 编辑 编 编造 编撰 编排 撰写 编制 修编 编著
编写
编写 撰写 编纂 编撰 创造 编 修订
同时 ， 研究 中医 语词 的 确切 含义 可 为 字典 、 辞书 的 补遗 提供 材料 。	补遗	v	14	修改 修订 补充 补正 增加 填补 填充 添加 补齐 修正 增补 拾遗
注释
注释 修改 补充 补遗 补 遗 补记 修正 注解 缺漏
若有 错误 请 斧正 。	斧正	v	3	纠正 指正 更正 更改 指出 改正 修正 订正
修改
修改 补正 修正 指正 指教 补充 正 斧正 指出 删除
缔交 一段 跨文化 的 友谊 能够 让 你 走出 自己 的 文化 去 探索 对方 的 习俗 、 价值观 和 传统 。	缔交	v	0	结交 结识 缔结
建立
建立 建设 结束 结交 认识 认为 建交 交 结识 相信
作为 炎黄子孙 ， 您 或许 有 兴趣 去 拜谒 离 西安 不远 的 黄帝陵 。	拜谒	v	8	参观 访问 拜见 拜访 看 拜会 见 瞻仰 参谒 走访 造访
拜访
拜访 拜谒 探访 拜 观察 观看 叩拜
他们 可以 自由 地到 教堂 作礼拜 ， 去 麦加 朝觐 ， 到 寺庙 拜佛 。	朝觐	v	9	朝见 觐见 朝拜 拜见 朝圣
朝拜
朝拜 朝
他 试图用 话 把 自己 的 错误 搪塞 过去 。	搪塞	v	7	掩盖 应付 敷衍 忽略 马虎 糊弄 支吾
掩盖
搪塞 掩盖 掩饰 推翻 忽略 蒙蔽 忽悠 推倒 塞 搪
我 不 与 你 话别 ， 我 的 亲爱 。	话别	v	4	道别 告别 叙别 阔别 作别 分别 分离
说话
说话 分别 分手 相见 话 话别 相遇 言语 说 话说
在 大学 ， 我们 一起 度过 了 许多 时光 ， 在 一起 看书 、 谈天 、 欢笑 。	谈天	v	14	聊天 谈心 说话 对话 交谈 闲谈 闲扯 闲话 讨论 闲聊 讲话
聊天
聊天 说话 谈 谈天 谈心 讲话 写作 天
一方面 ， 宋明理学 对 “ 诚 ” 如何 贯穿 “ 天道 ” 、 “ 人性 ” 作 了 具体 的 阐释 。	阐释	v	20	解释 论述 论说 讲解 讲述 阐述 说明 交代
阐述
阐述 解释 阐释 诠释 描述 描绘 释 解读 解析
它 的 橱柜 是 用 一块 立方 铁 打成 的 ， 上面 刻画 着 一束 褐色 的 谷物 。	刻画	v	12	描绘 画 描画 描写 刻 描摹 勾画
描绘
描绘 刻画 描写 画 雕刻 刻 描画 镶嵌
为了 研究 股市 的 异常 波动 ， 本文 引入 泊松 跳跃 过程 来 刻画 中国 与 美国股市 的 跳跃 行为 。	刻画	v	13	描述 描写 形容 解释 反映 描绘 描摹
描写
描写 刻画 描绘 描画 画 深化 刻
第四章 阐明 了 中等职业 学校 分 层次 教学管理 的 保障 措施 。	阐明	v	1	说明 讲述 介绍 阐述 论述 讲明 解释 写 解说 注明 表明 讲解 论说 交待 指明
阐述
阐述 介绍 说明 讲述 阐明 讲解 说 明确 明白 提
证人 受到 辩护律师 的 诘问 。	诘问	v	4	质疑 追问 询问 责问 质问 问询 问话 盘问 查问 发问
质问
质问 询问 质疑 诘问 质询 问 指责 拷问 指示 指控
人们 也 用 异样 的 目光 打量 着 他 ， 他 于是 惧怕 起来 ， 对 灵魂 说 ， “ 我们 离开 这里 吧 ， 那 赤 着 雪足 跳舞 的 姑娘 并 不 在 这儿 。 ”	惧怕	v	12	害怕 惊慌 恐惧 生怕 畏惧 怕 畏缩 胆怯 生恐
恐惧
恐惧 害怕 惧怕 畏惧 怕 愤怒 惧 恐怖 恐怕 害羞
有 多少 对 夫妻 渴望 拥有 孩子 ， 却 因为 无儿无女 而 黯然神伤 ？	黯然神伤	v	12	伤心 悲伤 丧气 心酸 心痛 伤神 灰心 伤感 痛苦 难过 哀伤 闷闷不乐 愁眉苦脸
失望
失望 黯然神伤 无奈 失落 焦虑 焦急 失败 心酸
虽然 我 已有 很 长时间 没有 参加 过 比赛 ， 但 篮球鞋 摩擦 地板 发出 的 声响 和 观众们 的 呐喊 声 仍然 不时 在 我 耳边 萦绕 。	呐喊	v	20	喊 呼喊 叫喊 大叫 助威 高喊 叫嚷 捧场 吵闹 吼叫 喊叫
呐喊
呐喊 呼喊 喊叫 喊 鼓掌 鼓励 掌 呼叫
我 誊抄 您 的 作品 ， 原本 是 参加 圆珠笔 书法 大赛 的 。	誊抄	v	1	抄写 抄 手抄 抄录 照抄 写 书写 誊写
抄
抄
我 为 这个 杂志 呕心沥血 。	呕心沥血	v	4	费尽心血 花尽心思 用尽心思 献身 尽力 奋斗 辛苦 努力 鞠躬尽瘁 全心全意 刻苦 挖空心思 尽心尽力 竭尽心力
感谢
呕心沥血 感谢 骄傲 自豪 感动 高兴 感恩 高傲 自傲 自责
随着 通用汽车 对 全球 各大 市场 产品 运营 和 平台 的 整合 ， 这一 问题 越来越 让 人 担忧 。	担忧	v	18	担心 忧虑 忧愁 焦虑 忧心 发愁
担心
担心 担忧 忧虑 焦虑 忧 忧心 焦心 恐惧 害怕 恐慌
舰队 的 管弦乐团 指挥 站 在 一边 ， 面色 虽 愠怒 但 很 知趣 。	知趣	v	13	识相 识趣 会心
懂事
懂事 有趣 清楚 幽默 知趣 知道 有礼 清晰 懂得 幽幽
乌黑 的 头发 、 明亮 的 肌肤 、 灿烂 的 微笑 ， 我 第一次 遇见 罗斯 是 在 我们 都 经常 光顾 的 咖啡馆 。	光顾	v	21	光临 去 吃
光顾
光顾 光临 去 回来 逛街 旅游 旅行 光 回访 回顾
除了 游客 和 群众 ， 这个 区域 可说是 海岛 馈赠 给 台湾人 最 美好 礼物 ， 自然 归 真的 原始 风景 。	馈赠	v	9	赠送 送 奉送 赠与 捐赠 馈送 赠给 赠予
馈赠
馈赠 馈送 奉送 赠 回赠 奉献 奉赠 报送
官员 称 这头 狮子 大约 有 四五岁 ， 很 明显 已经 饥肠辘辘 。	饥肠辘辘	v	11	饥饿 饿了 挨饿 饿肚子 饿得慌 十分饥饿 空着肚子
饥饿
饥饿 发病 饥肠辘辘 发烧 饥渴 老化 发胖 死亡
同时 ， 孕穗期 土壤 渍水 逆境 严重 影响 根系 吸收 、 运输 和 分配 磷 的 能力 ， 从而 加速 了 根系 衰老 。	衰老	v	22	变老 苍老 老化 枯死 衰退 死亡 枯萎 凋零 老化 败落 衰弱
衰老
衰老 老化 萎缩 枯萎 衰亡 枯死 凋萎 老
但 石油 也 可能 被 输送 至 亟需 能源 的 中国 ， 或 经由 伊朗 输至 南方 市场 。	亟需	v	7	需要 急需 急缺 急待 缺乏 缺少 迫切需求 亟待
需要
需要 缺乏 需 急需 缺 紧急 缺少 需求 紧缺
不会 再 固执 的 我 ， 依旧 对 时间 没辙 。	没辙	v	9	没办法 没法子 无法 束手无策 无计可施 没有办法 无奈
无奈
无奈 没辙 不屑 没 没错 没劲 不管 有辙 辙
快速 的 成长 和 腾飞 ， 使华仪 集团 获得 了 党和国家 领导人 的 关注 ， 贾庆林 、 张德江 、 周铁农 、 万国权 等 领导 亲临 华仪 视察 ， 给予 华仪 干部职工 极大 的 鼓舞 和 鞭策 。	鞭策	v	35	鼓励 驱策 勉励 促进 加油 鼓舞 激励
鼓励
鼓励 鞭策 鼓舞 支持 赞誉 鼓 褒奖 鞭 赞助
与 国际 组织 及 外国 有关 团体 、 机构 共同 举办 或 受 其 委托 承办 的 国际 会议 ， 规模 原则上 不 超过 往届 。	承办	v	15	主持 合办 经办 经手 举办 承包 主办 举行
负责
负责 承办 主持 承担 办 举办 主办 支持 举行 负担
马 德兰 先生 始终 捏 着 她 的 手 ， 望 着 她 发愁 ， 他 当时 去 看 她 ， 显然 是 有事 要 和 她 谈 ， 但是 现在 迟疑 起来 了 。	迟疑	v	31	犹豫 动摇 犹疑 疑虑 疑惑 犹豫不决 踌躇 顾及
犹豫
犹豫 迟疑 犹疑 耽误 拖延 疑 迟 延误
我 翘课 的 原因 是 可以 接受 的 。	翘课	v	1	逃课 逃学 不上课 缺课 旷课
上课
上课 上班 逃课 逃学 上学 课 缺课 翘
这 真的 太 坑爹 了 。	坑爹	v	3	坑人 讽刺 傻逼 可笑 坑
可怕
可怕 坑人 垃圾 好 可笑 坑 可耻
昨晚 我 被 苏珊 放鸽子 了 。	放鸽子	v	4	爽约 失约 忽悠 欺骗 不守约 抛下 抛弃
撒谎
撒谎 鸽子 说话
泥垢了 ， 库里 ， 可以 了 ， 知道 你 能 扣篮 …	泥垢了	v	0	你够了 可以了
拜托
拜托
那 就 88 咯 。	88	v	2	再见 拜拜
不是
不是
520 哟 。	520	v	0	我爱你 我喜欢你 爱你
不错
不错 不是
94 94 ， 就 这样 。	94	v	0	就是
就是
就是
纳尼 ？ 怎么 会 这样 ？	纳尼	v	0	啥 什么 怎么会 怎么可能
什么
什么 纳米
你 怎么 不 狗带 呢 ？	狗带	v	3	去死 死去
自由
自由 上网 带 上街 玩 自拍
看 完 这篇 新闻 ， 我 真是 不明觉厉 。	不明觉厉	v	7	不解 崇拜 佩服 非常相信 不懂但是觉得厉害 不知所谓 敬佩
感慨了一
感慨了一 无法自信 心生疑惑 惭愧 不解 不明 无奈 心酸
下面 就 由 小 编来 为 大家 爆尿 。	爆尿	v	7	爆料 曝光 抖落
介绍
介绍 说 曝光 爆
我 很 稀饭 你 。	稀饭	v	2	喜欢 喜爱
喜欢
喜欢 感谢 爱 想 稀饭 感激 喜爱 感动 想见
他 家里 怕 不是 有矿 吧 。	有矿	v	4	有钱 富有 富足 富裕 阔气
有
有 有钱 矿
小猪 似懂非懂 ， 心想 幸福 怎么 会 是 我 的 尾巴 呢 ？	似懂非懂	v	1	一知半解 半懂不懂 不懂 不明白 迷惑 不解 困惑 疑惑
似懂非懂
似懂非懂 非懂似懂 如此 像懂非懂 若懂非懂
矛盾 从 打嘴仗 开始 ， 兄妹 之间 互相 讥讽 ， 最后 则 导致 拳脚相向 。	打嘴仗	v	2	吵架 拌嘴 打嘴炮 争吵 斗嘴 骂人 口角
吵架
吵架 打架 吃饭 吵嘴 打仗 骂架 吃醋 打嘴 吵吵
聚会 上 他 喝 得 酩酊大醉 ， 不慎 从 台阶 摔 下 ， 磕破 了 嘴唇 。	磕破	v	13	弄坏 磕到 搞破 摔破 弄破 撞破 磕坏
破
破 磕
我 想 预约 今天下午 去 美发厅 做头 。	做头	v	6	美发 弄头发 理发 剪头发 剪发 做头型 做头发 做发型
做
做 洗澡 头 作业 美发
他 的 女性 观 既 表现 出 尊重 、 崇拜 女性 的 进步 的 一面 ， 又 表现 出 与 男性 本位 意识 藕断丝连 的 局限性 。	藕断丝连	v	23	相关 有关 拖泥带水 难舍难分 联系 结合 交织 连绵不断 关联 相连 纠缠不清
对立
对立 藕断丝连 截然相反 相同 联系 相连 交叉 联合 相悖 交融
我 问 他 愿不愿意 和 我们 一道 来 ， 我 的话 还 没有 讲完 ， 他 就 连声 咂嘴 ， 十分高兴 。	咂嘴	v	18	赞叹 咂舌 称赞 同意 点头
抿嘴
咂嘴 抿嘴 皱眉 说 咂 咂舌 咧咧
这种 局面 需要 的 是 有关 孰轻孰重 的 抉择 ， 而 伊拉克 战争 不可避免 地 成为 问题 之一 。	抉择	v	8	选择 决定 决断 决议 选取 挑拣 取舍 权衡
决定
决定 选择 抉择 选 判断 选举 决策 挑选 挑战 选定
人们 大喜过望 ， 纷纷 奔 向 船只 。	大喜过望	v	1	大喜 欢呼 高兴 惊讶 喜出望外 喜不自胜 开心 受宠若惊 快乐 很高兴 欢天喜地 特别高兴 愉快 狂喜 欢喜 喜悦 喜从天降
惊讶
大喜过望 惊讶 喜悦 欢喜 喜欢 大喜 欢乐 惊喜 喜欢上了 欢呼
爱琴海 的 海岸线 非常 曲折 ， 港湾 众多 ， 岛屿 星罗棋布 。	星罗棋布	v	10	遍布 众多 多 浩如烟海 密密麻麻 许多 密集 很多 密布 不胜枚举 大量 繁多
众多
星罗棋布 众多 繁华 繁荣 林立 分布非常 繁多
第一次 洗发 可以 除去 油垢 和 做 发型 时 的 辅助 用品 ， 第二次 洗发 就 能 使 头发 蓬松 。	蓬松	v	19	松软 松散 疏松 松 柔软
柔软
柔软 蓬松 松软 干净 干燥 柔顺 蓬 松 干爽 发黑
一名 男子 五月 六日 在 伦敦 市中心 大笨钟 与 国会 大厦 对面 ， 用 望远镜 眺望 。	眺望	v	15	远眺 远看 看 守望 望 看远方 远望 望去 凭眺 观望 瞭望 观察
观察
眺望 观察 观望 观看 瞭望 仰望 望 仰视
美国 将 永远 不会 忘记 那些 殉职 的 男女 将士 ， 将 永远 铭记 。	殉职	v	6	牺牲 献身 死亡 身亡 舍身 死去 就义 阵亡 捐躯 丧生 遇难 殉国
牺牲
牺牲 殉职 死亡 逝世 死 辞职
他 开始 为 新 中国 首都 的 建设 日夜 操劳 。	操劳	v	9	劳累 操心 忙碌 劳神 奔波 工作 疲惫
奔波
奔波 劳动 工作 操劳 操作 操 劳 奔跑 施工 劳累
你 把 我 大衣 上 那个 撕破 的 口子 缝起来 了 吗 ？	撕破	v	6	破 破掉 扯开 划破 撕裂 撕开 弄裂 裂开 拉破 破裂
破裂
破裂 撕 破
唱片 标题 听 上去 阴暗 沉重 ， 其实 内里 的 音乐 却是 柔和 、 感性 的 中速 摇滚 ， 勾勒 出 一幅 心情 起伏 的 年轻人 和 旧日 恋人 的 温柔 画面 。	勾勒	v	19	描绘 勾画 勾 画 描写 刻画 描画 展现
描绘
勾勒 描绘 勾画 画 描画 渲染 衬托 勒 衬映
老鼠 和 虫子 可能 会 啃 坏 你 的 地板 ， 以致 你 掉 到 楼下 的 房间 ， 成为 一个 喝杯 清茶 的 不速之客 。	啃	v	5	咬 吃
咬
咬 啃 吃
孩子 们 喧闹 不堪 ， 他 板起面孔 把 他们 镇住 了 。	喧闹	v	2	吵闹 闹腾 嘈杂 喧哗 嬉闹
嘈杂
嘈杂 喧闹 吵闹 闹 吵 吵嚷 繁乱 吵吵
就 你 这 几句话 甭 打算 把 我 骗 了 。	甭	v	4	不用 不要 不 就别 你别 您别 休想 不必 别
别
甭 别
这位 老人 由 他 儿子 搀 着 站 了 起来 。	搀	v	5	扶 搀扶 手扶 扶持 支撑 拖
搀扶
搀扶 扶 搀 扶持 陪
那次 旅行 让 人 颠簸 了 十个 小时 ， 公路 完全 是 赤裸 的 石块 和 砾石 铺 成 ， 寺庙 本身 也 摇摇欲坠 — — 笼罩 在 一片 愁云惨淡 的 氛围 中 。	颠簸	v	4	抖动 震荡 颤动 颠 震 折磨 簸荡 震动 振动 振荡 颠荡
摇晃
颠簸 摇晃 折腾 颠 摇摆 颠覆 簸
柔软 金黄 的 卷发 簇拥 着 她 的 脸 ， 整个 人 看上去 就 像 个 瓷娃娃 。	簇拥	v	4	围绕 包围 环绕 拥 围
环绕
簇拥 环绕 拥抱 簇 绕 盘绕 环抱 紧随
出庭 或 会见 委托人 时 ， 无论 男女 ， 都 要 穿着 一身 中性 色调 且 剪裁 讲究 的 西装 。	剪裁	v	16	设计 裁剪 制作 制造 缝制 版型
剪裁
剪裁 裁剪 服装 裁 有 服饰 编码 裁缝
现是 关于 我们 的 大脑 如何 迅速 地 将 一些 神经元 激活 的 机理 ， 但 从 这 一 机理 来看 ， 我们 的 大脑 也 很 容易 遗忘 信息 。	遗忘	v	28	忘记 忘掉 忘却 忘 丢失 缺失 淡忘 遗漏
忘记
忘记 遗忘 忘 忘掉 记住 丢失 遗失 丢 丢弃
艾米 在 工作 中 毫无建树 ， 却 仍 拿 着 不少 工资 。	毫无建树	v	4	没有成果 无成就 无功 无能 无功绩 毫无功绩 无用 毫无建设 毫无成果 没成绩 没出息
并无建树
毫无建树 并无建树 极无建树 没有建树 无无建树 没有 无为 建树 毫无 建立
难怪 人家 说 地宫 酒店 嚣张跋扈 ， 可是 ， 怎 麽 可能 呢 ？	嚣张跋扈	v	5	不好 不行 嚣张 强横 狂 骄横 强势 狂妄 霸道 横行霸道 傲慢 气焰嚣张
猖獗
嚣张跋扈 猖獗 嚣张 跋扈 张扬
但 卡斯特罗 的 美梦 日渐 幻灭 ， 因为 纵使 奥巴马 通过 各种 方式 放宽 了 对 古巴 的 旅游 、 汇款 限制 ， 但 古美 关系 仍然 持续 僵化 。	放宽	v	13	放开 放松 松 宽松 变宽 减少 减轻 缩小
放松
放松 扩大 放宽 加强 加大 放 缩短 放开 宽 松弛
即使 欧元区 的 财政 分歧 被 债务 削减 和 EFSF 所 遮掩 ， 这些 分歧 可能 会 长期存在 。	遮掩	v	11	掩盖 遮盖 掩饰 遮挡 遮羞 隐瞒
掩盖
掩盖 遮掩 遮蔽 遮 掩 隐瞒 掩蔽 隐蔽
今天 我 好 朋友 说 我 瘦 了 ， 我 心中 暗喜 ， 看来 我 辛苦 减肥 还是 很 有 成效 的 ， 我 问 他 怎么 看 出来 的 ， 他 说 我 现在 终于 有 脖子 了 。	暗喜	v	11	高兴 开心 快乐 偷着乐 愉悦 暗中高兴 愉快 暗自高兴 偷偷开心 欢喜 喜悦 偷偷高兴 暗笑
喜悦
喜悦 暗喜 喜欢 喜 欣喜 欣慰 惊讶 暗想 微笑 惊
桃子 的 相亲 举动 刺激 了 果然 ， 他 使出 浑身解数 ， 成功 地 将 桃子 的 相亲 一次次 搅黄 ， 自己 却 还是 下 不了 结婚 的 决心 。	搅黄	v	19	打搅 搞砸 扰乱 弄失败 破坏 打乱 打扰
搅
搅 捣乱 黄
他 补充 道 ： “ 在 这里 我们 并 不 蹑手蹑脚 ， 但是 我们 也 不会 做 过头 。 ”	蹑手蹑脚	v	10	害怕 畏惧 畏缩 轻手轻脚 害怕行动 小心 谨慎 束手束脚
害怕
害怕 紧张 慌张 蹑手蹑脚 笨拙 害羞 害臊 紧急 紧凑
精神 症状 也 可 出现 ， 较 多 见 的 有 妄想 狂 、 烦躁 不安 或 忧郁 等 表现 。	烦躁	v	14	烦闷 烦心 焦急 纷扰 心烦 烦乱 焦躁 糟心 焦虑 暴躁 急躁 烦恼
焦虑
烦躁 焦虑 焦躁 心烦 烦恼 烦 焦急 心情 急躁 狂躁
聚众 斗殴 罪 是 司法 实践 中较 常见 的 一种 犯罪行为 ， 脱胎 于 1979 年 刑法 中 的 流氓罪 。	斗殴	v	1	打架 打斗 争斗 搏斗 格斗 斗争 冲突
打架
斗殴 打架 殴打 赌博 搏斗 斗 打劫
益 胰宝 协助 降低 血糖 的 水平 ， 缓助 人体 的 正常 新陈代谢 及 恢复健康 的 血糖 水平 。	缓助	v	8	帮助 助 促进 协助 有助 有助于
帮助
帮助 促进 协调 帮 促使 缓解 协会 助 协助
麦克 失业 后 ， 我 接济 他 一些 钱 ， 但 那 只不过 是 杯水车薪 罢了 。	接济	v	5	给 救济 给了 送了 送给 借 帮助 周济 施舍 给予 支持 给与
给
给 接济 接 经济 承受
不瞒你说 ， 在 这帮 男孩 里 ， 我 pick 齐思钧 和 周峻纬 。	pick	v	8	选择 挑选 选 选中 喜欢
非常的不
非常的不
封建礼教 几千年 来 桎梏 、 摧残 着 中国 女性 ， 而 中国 女性 也 一直 在 为 寻求 个性 解放 进行 着 不懈 的 抗争 。	桎梏	v	3	约束 管束 束缚 困 限制 捆 羁绊 拘束
拘束
桎梏 拘束 羁绊
我们 那 时候 也 有 欺凌 弱者 的 事情 ， 不过 影响 范围 却 小 很多 。	欺凌	v	5	欺负 伤害 侮辱 嘲弄 嘲笑 欺压 欺侮 凌辱 欺辱 凌虐 霸凌
欺负
欺负 欺凌 侮辱 虐待 欺压 欺 侵犯 侵略 殴打 侮蔑
封建礼教 几千年 来 桎梏 、 摧残 着 中国 女性 ， 而 中国 女性 也 一直 在 为 寻求 个性 解放 进行 着 不懈 的 抗争 。	摧残	v	5	伤害 折磨 损害 危害 欺负 残害 侵害 祸害 迫害 欺压
摧残
摧残 蹂躏 折磨 损害 压迫 折腾 摧毁 残 压榨 损毁
网上 蹿 红 的 他们 ， 被 不少 传媒 公司 看好 ， 胥渡 说 目前 在 邀请 合作 的 有 10 家 。	蹿	v	1	变 窜 快速变 突然 走 猛然变 迅速
窜
蹿 窜 爆
你 知道 她 在 搜索 些 什么 ？	搜索	v	4	 关心 关注 收集 寻找 找 查找 搜 找寻 搜寻 探求 探索 检索 寻觅 搜罗
寻找
寻找 搜索 搜寻 做 浏览 搜 关注 寻求 关心
该 中心 还 与 日本 国际 农业 科学研究 中心 合作 ， 测绘 小麦 和 玉米 的 耐旱 基因 。	测绘	v	11	研究 测量 描绘 检测 绘制 测算 勘测
研究
研究 绘画 测绘 探索 绘制 确定 测试 测定 确保 确认
而 如今 ， 上海 的 酒吧街 直到 凌晨 还是 人声鼎沸 ； 当地 面条 店 与 麦当劳 争夺 著 黎明前 的 食客 。	人声鼎沸	v	9	吵闹 吵 闹 喧闹 人多 嘈杂 热闹 闹腾 大喊大叫 吵杂 喧哗 喧嚣
鼎沸
鼎沸 热闹 火爆 沸腾 人潮 热潮 火锅
文本 以 个人化 、 真实 、 生动 又 清新 的 叙述 ， 震撼 读者 ， 让 读者 见微知著 。	震撼	v	12	打动 感动 触动 震动 震惊 惊动 轰动 撼动 感染
感动
震撼 感动 震惊 震 感染 震慑 撼动 撼 振荡
一种 自暴自弃 的 心理 促使 着 他 ， 使 他 愈发 沉 缅 酒色 ， 胡作非为 ， 以 排遣 心中 的 愤懑 。	愤懑	n	21	愤怒 怨念 忧郁 忧伤 不满 烦 苦闷 烦心 烦闷 怒火 愤慨 烦恼 气愤 愤恨 忧愁 怒气 郁闷
愤怒
愤怒 愤慨 愤懑 郁闷 怨恨 怒 怒气 怨愤
事实上 ， 在 那个 不能 光明正大 谈恋爱 的 年纪 ， 校园 里 装满 了 暗流 涌动 的 情愫 ， 和 说不出口 的 故事 。	情愫	n	17	爱情 情感 感情 情绪 情 情意 情义 心事 心绪
感情
感情 情怀 情绪 感觉 心情 情 情愫 爱情 爱 心思
在 形式 方面 ， 主要 是 追求 华丽 的 辞藻 ， 堆砌 冷僻 的 典故 。	辞藻	n	9	词语 用语 文字 语言 词汇 言语 用词 典故 字词 词句
句子
句子 辞藻 词藻 词汇 词语 辞 语言
美苏 首脑 会晤 原订 于 今年初 举行 。	会晤	n	2	对话 谈判 谈话 会面 见面 会见 峰会
谈判
会晤 谈判 对话 会谈 会议 会 谈话 峰会
伯鹿 收拾 行囊 ， 离开 了 来 也 匆匆 去 也 匆匆 的 瓦累 。	行囊	n	2	行李 东西 背包 行装 包裹 包袱 包包 拉杆箱 旅行包 旅行袋
衣服
行囊 衣服 衣物 心情 囊 腰包 身躯 腰带 行 行包
坦然 接受 生活 给 你 的 馈赠 吧 ， 不管 是 好 的 还是 坏 的 。	馈赠	n	6	赠送 赠与 馈送 奉送 礼物 礼品 捐赠 赠予 恩赐
赠送
馈赠 赠送 报酬 赠 恩赐 赐予 报价 恩爱
到 了 春天 ， 天气 变 暖和 了 ， 腊梅 就 凋谢 了 ， 树上 长出 了 许多 叶子 ， 在 叶子 中 还 点缀着 几颗 橄榄形 的 果实 。	腊梅	n	9	梅花 花 黄梅
梅花
梅花 梅 雪花 腊 雪梨
苍翠 秀丽 的 小岛 屹立 在 万顷碧波 之上 ， 自从 它 在 熔岩 与 烈火 的 洗礼 中 诞生 ， 只 短短 两个 月 ， 岛上 已然 花草 芳菲 、 绿树 交柯 。	芳菲	n	28	芳香 香气 清香 香 芬芳 芬香 喷香 艳丽 馨香
芬芳
芬芳 芳香 芳菲 繁茂 茂盛 萋萋
在 一个 阳光灿烂 的 黎明 ， 他 乘船 到 了 外滩 。	黎明	n	4	早上 早晨 凌晨 拂晓 清晨 破晓 上午 清早
日子
黎明 日子 清晨 夜晚 中 夜里 午后 明 清明
在 这 尚留 着 节日 余韵 的 寂寞 的 县城 街道 上 ， 寒风凛冽 ， 暮色 将 至 。	暮色	n	15	夜色 夜景 晚景 晚上 夜晚 曙色 傍晚 夜幕
夜晚
暮色 夜晚 夜色 夕阳 色 白色 白日 白夜
你 来 将 我 的 计算 和 分析 过程 仔细 地 检查 一遍 ， 看看 有没有 纰漏 。	纰漏	n	16	疏忽 错误 失误 缺陷 缺漏 问题 漏洞 大意 破绽 粗心 差错 疏漏 遗漏 马脚
错误
错误 错 漏洞 纰漏 错漏 缺点 瑕疵 缺陷 漏 缺漏
通过 我们 的 工作 ， 使 死者家属 心灵 上 得到 一点 安慰 ， 哪怕 减少 一丝 悲恸 ， 不是 很 有 意义 吗 ？	悲恸	n	16	伤心 悲伤 悲痛 痛苦 沉痛 难过 哀痛 哀伤 悲哀 痛心 悲愤 忧伤 忧愁 伤痛
悲伤
悲伤 伤心 悲哀 哀伤 痛苦 忧伤 悲恸 哀恸 悲 痛心
北京 奥运会 将 体现 出 东西方 文化 的 融合 。	融合	n	8	交流 合并 调和 结合 统一 交融 汇合 结晶
结合
结合 融合 联系 合作 合一 联合 合 结果 结晶 深入
所有 的 生命 都 在 以 一种 难以想象 的 贪婪 ， 争夺 着 这 有限 的 生存空间 。	贪婪	n	9	贪心 贪 贪恋 贪欲 贪念 唯利是图 不满足
恐惧
贪婪 恐惧 渴望 欲望 贪 渴求 贪恋 贪欲 恐慌 爱
所以 土地 占有 的 多寡 ， 不仅 是 标志 着 对 农民 的 剥削 的 深度 和 广度 ， 而且 还是 他们 借以 爬 上 宦途 的 阶梯 。	多寡	n	4	大小 多少 数量 数目 数额 数码 额数
多少
多少 多寡 高低 大小 厚薄 多 少数 少
他们 又 从 自身 的 经验 中 慢慢 发现 女人 的 月经 和 男女 交媾 实际上 乃是 人类 生育 的 前提 。	交媾	n	14	性交 交合 做爱 交欢 交配 同房 云雨 行房 结合
交配
交媾 交配 性交 性爱 生育 交 接触 生殖 交换 生活
远远望去 ， 它 那 流线型 的 外壳 ， 全身 涂着 铮亮 的 白漆 ， 就象 一只 天鹅 落 在 波涛 起伏 的 海面 上 ， 优雅 而 健美 。	波涛	n	19	波浪 潮水 浪花 大浪 海浪 浪涛 水波 浪头 巨浪
波澜
波涛 波澜 汹涌 海浪 浪涛 波
大雨 过后 ， 阳光 乍现 ， 天边 出现 了 一道 霓虹 。	霓虹	n	10	彩虹 天虹 虹 长虹
彩虹
彩虹 灯光 霓虹 彩霞 彩云 虹 艳阳
只要 是 真正 的 种子 ， 落到 大地 的 任何 一隅 都 能 生根 发芽 的 。	一隅	n	10	角落 地方 地点 方位 一角 地区 一处 一地 地带 位置 一方
角落
角落 地方 处 方向 方面 时刻 时候 地点 时节 角度
看看 亮子 ， 他 在 发烧 ， 嘴唇 上起 了 一层 火泡 ， 不时 发出 含混 的 呓语 。	呓语	n	17	声音 话语 哼哼 语言 言语 梦话 胡话 梦呓 低语
话语
呓语 话语 喃喃 话 妄语 妄言 话题
如果 空气 中有 较 多 的 浮尘 ， 空气 中 的 水蒸气 就 凝结 在 上面 ， 这 就是 雾 。	浮尘	n	6	浮土 灰尘 尘 浮灰 尘土 灰 颗粒 扬尘 尘埃
灰尘
灰尘 尘土 尘埃 浮尘 水 杂质 灰烬 尘雾 沉淀 杂物
当时 ， 冯小水 虽 已 受伤 七处 ， 仍 坚持 把 一面 红旗 插上 峰峦 ； 并 站 在 制高点 的 顶端 ， 发射 三枚 红色 讯号 。	峰峦	n	14	山顶 山峰 山峦 山 顶峰 山上 山岭 高峰 丘陵 山头
山顶
山顶 山头 山峰 峰顶 高峰 山 高楼 云霄 顶 前臂
指挥官 应 具有 出众 的 才略 。	才略	n	5	才能 能力 才干 才华 才气 才力 本领 才情
智慧
智慧 才 智力 能力 才略 才能 技术 战术 技能 战略
现代 社会 中 的 主要 分野 并 不 在 生产资料 所有者 和 无产者 之间 ， 而 在 各种 政治 ， 经济 和 社会 组织 中有 决策权 和 无 决策权 的 人们 之间 的 官僚 科层 体制 和 权威 的 关系 。	分野	n	5	界限 分界 分歧 界线 鸿沟 边界 差异 差别 不同意见 壁垒
区别
区别 分野 差异 差别 差距 领域 分 分歧 特别 分别
一些 与会者 呼吁 “ 法学 应是 权利 之学 ” ， 提出 应 以 权利 和 义务 为 基本 范畴 重构 我国 法学 理论 ， 并 提出 在 权利 与 义务 之间 应 以 权利 为 本位 。	本位	n	35	本 基础 基本 中心 重点 重心 主体 核心 关键 主导 出发点
基本
本位 基本 基础 本 根本 首先 主体 本身 主 首要
伦敦 商会 相信 ， 除非 此项 危机 消灭 ， 否则 ， 对 贸易 障碍 加以 直接 攻击 ， 于 事实 不但 毫无 裨益 ， 且 将 加增 人民 之 恐惧心理 。	裨益	n	22	好处 益处 有利 优点 利益 受益
益处
裨益 益处 帮助 益 效果 效益
"有时 则 要 耐心 等待 ， 或 在 某件事 发生 之后 ， 或 在 有 了 "" 把柄 "" 之后 ， 或 在 看出 某种 端倪 之后 ， 才能 把 时机 抓住 。"	端倪	n	25	问题 真相 线索 眉目 头绪 苗头 思路 头脑 端绪
反应
端倪 反应 问题 迹象 事 反映 问号
但是 ， 我 认为 ， 此 说 佐证 不足 ， 很难 使 人 首肯 。	佐证	n	7	证明 证据 论点 论证 说明 证实 论据 凭据
证据
佐证 证据 证明 论据 矛盾 论证 的 论述
永鸿 下课 回来 了 ， 见 月 娟 那 悲痛 的 神情 ， 慌忙 询问 原委 。	原委	n	15	原因 过程 经过 前后 原由 始末 缘由 由来 首尾 实情 本末 缘故 来由
原因
原因 原委 真情 原 委 下情 缘故
陈英 觉得 关彩凤 心地 不错 ， 又 苦于 内心 的 烦恼 无处 诉说 ， 便 把 事情 的 原委 告诉 了 关彩凤 。	原委	n	18	原因 真相 过程 起因 全部 由来 经过 始末 前后 缘由 首尾 本末
真相
原委 真相 缘由 原因 起因 委 原 根源 缘起
所以 卢沟桥 是 华北 和 华中 之间 的 交通 咽喉 ， 与 丰台 并立 ， 同 是 北平 的 门户 。	咽喉	n	9	要地 重地 要道 要害 关口 中心 要路 枢纽 要塞
喉咙
咽喉 喉咙 枢纽 纽带 喉 要道 要塞 纽
它们 不仅 品种繁多 ， 而且 各尽其妙 ， 因而 也 享誉 四海 。	四海	n	10	全国 全球 各地 各处 四处 天下 五洲 世界 中外 四方 八方
全国
全国 全球 海 四海 一时 四 三国 一方
等到 我 吃 后 才 想起 ， 那原 是 做 豆腐 时 剩下 的 渣滓 ， 加 五香 杂料 炒出 ， 十分 可口 ， 是 安徽 农民 最 普通 的 ' 下 饭菜 ' 。	渣滓	n	14	残渣 垃圾 废料 废渣 渣子 残余 废物 残留 渣
渣
渣滓 渣 残渣
蛤蟆 是 有名 的 捕虫 干将 ， 田园 卫士 。	干将	n	5	大师 高人 能手 能人 高手 好手 王牌 权威
将军
将军 大师 先生 干将 大将 将领 先锋 将 干
因此 一些 图谋不轨 ， 包藏祸心 ， 危害 民族利益 的 败类 ， 经常 利用 这块 弹丸之地 ， 在 外国人 的 卵翼 下 ， 为所欲为 。	败类	n	9	坏人 歹人 坏蛋 废物 恶人 人渣 歹徒 坏分子 混蛋 禽兽 坏东西
人
败类 人 坏人 恶人 败
他们 又 四处 漂流 ， 以后 一直 没有 音讯 ， 听说 他们 已 不 在 人世 了 。	音讯	n	8	消息 声音 联系 通讯 音信 信息 讯息 新闻
消息
消息 音讯 声息 声音 讯息 回来 音 讯
学了 文法 就 可以 使 你 的 文章 有 规矩 ， 有 准绳 ， 而 不至于 犯 不通 的 错误 。	准绳	n	12	标准 基准 规则 原则 法则 规范 准则 尺度 定准
标准
标准 准则 规律 规则 精神 准绳 尺度 准 绳 标杆
你 一定 要 珍惜 当下 ， 因为 韶光 一去不复返 。	韶光	n	7	时光 时间 日子 光阴 人生 青春 年华 流年 青年 年光
岁月
岁月 青春 时光 时间 韶华 韶光 时代 你 春光 春风
她 毕生 的 努力 ， 说明 了 这样 一个 颠扑不破 的 真理 ： 力量 来自 知识 ， 天才 来自 勤奋 。	毕生	n	1	一生 多年 一世 终身 终生 一辈子 平生
一生
一生 毕生 一切 终生 终身 最后 全部 一直 最终 全身
大约 晌午 时分 ， 我们 远远 望见 了 一个 村镇 。	晌午	n	1	中午 中饭 午饭 正午 午间 日中
中午
中午 晌午 傍晚 傍午 中间 午饭 午夜 午 中饭 这
彼时 ， 正值 国内 电子商务 草莽英雄 辈出 ， 出口 易 的 海外 仓储 模式 已经 初见端倪 。	彼时	n	0	那时 此时 当时 那时候 当下 那会 当初 这时 如今 目前 那会儿
此时
此时 时候 时 当时 时代 时期 此刻 此后 当年 当前
一只 兀鹰 ， 展翅 飞 向 碧空 。	碧空	n	6	蓝天 空中 天空 天上 晴天 碧天 晴空 青天 天边 天际
天空
天空 青天 苍穹 蓝天 苍天 碧空 天 天下 天涯 青海
又 过 了 两座 关隘 ， 方才 到 寨 门口 。	关隘	n	4	关口 边关 关 道口 关卡 雄关
城墙
关隘 城墙 隘口 城堡 关 大关 城关 山寨
它 那 高高的 围墙 ， 被 炸开 了 一个 很大 的 豁口 。	豁口	n	11	开口 缺口 破口 裂口 口子 洞 洞口 断口
口子
口子 口 豁口 裂缝 裂口 豁 敞口
对 剖面 进行 详细 测量 与 记录 ， 注意 古土壤 发育 的 程度 、 厚度 、 层数 。	剖面	n	1	土层 土壤 切面 断面 截面 切断面
表面
剖面 表面 土壤 平面 切面 表层 面 土地 表皮 切片
用 厨余 垃圾 做 肥料 ， 把 小 旮旯 当 “ 菜园 ” ， 胡同 边角 地 迎来 大丰收	旮旯	n	8	角落 犄角 角
犄角
犄角
访谈 ︱ 许宏 ： 并非 有 城墙 的 聚落 才 是 城邑 。	城邑	n	11	城市 都市 邑 垣 城 都会 城池 都城
城
城 都市 都城 乡村 市镇 国门
竹林 里 没有 蹊径 可循 ； 草是 那么 生意 葱茏 ， 野花 是 那么 娇艳 可爱 。	蹊径	n	3	小路 便道 道路 小径 羊肠小道 捷径 秘径 羊道
路径
路径 蹊径 捷径 路 径 途径
秦昭襄 王 听说 和氏璧 在 赵国 ， 也 想得到 这块 宝贝 ， 就 写信给 赵王 ， 假说 愿用 十五 座 城池 和 赵国 交换 和氏璧 。	城池	n	20	城市 城 都城 都市 城郭
城
城 城池 城墙 宫殿 城市 池 水库 池子 水城 水池
据悉 ， 佳明 电子 灯具 正在 与 外商 洽谈 出口 事宜 。	事宜	n	10	业务 合同 工作 事情 事务 事儿 事体 事 事件 事物
工作
工作 问题 事 事宜 业务 事务 工程 事项 中 业绩
Facebook 最终 聘请 了 他 ， 后来 发生 的 事 则 是 另 一段 佳话 ： 普利斯 特里 带领 程序员 团队 实现 了 Facebook 网站 架构 的 提速 ， 使 用户 能 更加 方便 地 添加 游戏 、 地图 等 应用程序 。	佳话	n	14	美谈 故事 好事 趣事 韵事 良言
奇迹
佳话 奇迹 传奇 话 神话 好事 传言 好话 佳 神奇
本文 以 文本 的 解读 为 基础 ， 结合 戴名世 的 生平 际遇 、 个性特征 ， 按照 文体 类别 评析 、 研究 其 散文 作品 。	际遇	n	12	遭遇 遭际 境遇 景遇 身世 经历 事迹
经历
经历 际遇 经验 遭遇 实际 实事 遇
与 苏联 境内 其他 许多 不 讲 俄语 的 族群 境遇 相似 ， 巴尔卡尔 人 在 19 94 年 被 放逐 到 哈萨克斯坦 和 西伯利亚地区 ， 人口 损失 多达 一半 。	境遇	n	10	状况 遭遇 经历 遭际 际遇 情况 处境 景遇 身世 环境
情况
情况 状况 境遇 境况 环境 情形 状态 遭遇 的 也
回顾 一下 国际 上 出现 严重 国际 债务 危机 的 国家 ， 其 窘境 的 形成 ， 都 与 未能 按照 上述 三条 控制 体系 ， 严格 进行 把关 的 原因 有关 。	窘境	n	13	状况 危机 情况 困境 困处 苦境 困厄 困难 逆境 困窘 泥沼 处境 末路
困境
困境 窘境 危机 困难 窘况 困局 尴尬 境况 境 危难
核能 开发利用 是 20 世纪 人类 最 伟大 的 科技成就 之一 ， 促进 了 人类 社会 进步 ， 给 广大 民众 带来 了 福祉 。	福祉	n	23	福气 福分 幸福 福 造化 好处
幸福
幸福 安全 福祉 利益 福利 福 幸运 安慰
因为 许多 人 心胸狭窄 ， 睚眦 必报 ， 喜欢 在 无聊 的 小事 上 纠缠 。	睚眦	n	5	小事 仇恨 仇 报复 仇怨 一点事 恩怨 怨恨 冤仇
睚眦
睚眦
今晚 在 这里 上工 的 人 与 游行 罢工 的 人 并 无 芥蒂 。	芥蒂	n	13	不和 嫌隙 纠纷 隙嫌 裂痕 隔阂 不快 怨气 心病 隔膜 疙瘩 间隙
矛盾
矛盾 芥蒂 关系 怨 关联 芥末 缘分
北京 仅 有 三家 酒店 获此 殊荣 ， 北京 丽晶 酒店 荣列 其中 ， 并 在 亚洲 酒店 排名 中 获得 第 24 名 的 好 成绩 。	殊荣	n	6	荣誉 奖项 荣耀 光彩 称号 光荣称号 特殊荣誉
荣誉
殊荣 荣誉 称号 奖项 奖 荣耀 荣 称誉
我 认为 ， 没有 什么 比 完全 的 独立 ， 没有 金钱 的 烦恼 没有 世人 的 褒贬 ， 自由 和 美德 更 伟大 更 珍贵 ！	褒贬	n	17	评论 评价 批评 评论好坏 批判 评说 评判 表扬批评 点评
评价
评价 褒贬 评判 赞誉 赞扬 夸奖 褒扬 贬 贬谪
那么 ， 难道 共和党 领导人 都 没有 能力 看穿 这些 幼稚 的 逻辑 谬误 ？	谬误	n	13	错误 不对 误区 问题 差错 缺点 不当 毛病 错 悖论 过错 荒谬 悖谬 偏差 差池 谬论
错误
谬误 错误 谬论 吗 悖论 荒谬 诡异 悖谬
临沂 奋斗 电子商城 真诚 邀请 有识之士 携手 合作 ， 恭候 佳音 ！	佳音	n	10	好消息 喜讯 福音 捷报
您
您 佳音 良机 佳
对 宇宙学 家 而言 ， 目前 的 景况 像是 猛 踩 煞车 ， 却 感觉 车速 攀升 。 这是 一种 兴奋 中 掺杂 了 些许 不安 的 情绪 ， 因为 事情 似乎 不太 对劲 。	景况	n	7	情况 状况 情形 画面 景象 状态 情状 情景 情境 境况 现象 事态
情况
情况 状况 情形 状态 形势 境况 景况 境界 景 就
贷款 购买 歼 31 会 被 推迟 ， 直到 土耳其 的 TFX 项目 有 一个 清晰 的 图景 ， 这个 项目 中 巴基斯坦 可能 作为 一个 合作伙伴 。	图景	n	17	情况 状况 情形 画面 景象 情状 事态 情景 境况 状态 场景 预期
图
图 情况 方向 情景 形象 图景 画面 形势 形式 情形
《 恶棍 来袭 》 中 也 描写 了 一幅 未来 的 图景 ， 在 沙漠 里 安上 太阳能 电池板 ， 把 它 放置 在 草坪 和 高尔夫球场 相接 的 地方 。	图景	n	11	情景  景象 图画 画面 景况 情况 图片 场景 图像 状况 情形 场面 情状 样子 蓝图
景象
景象 景色 图景 画面 景 场面 场景 照片 图 照样
这样 司机 就 知道 ， 别人 清楚 他 的 底细 ， 如果 出 什么 问题 ， 他 是 跑不了 。	底细	n	9	内情 底子 情况 底 老底 来历 背景 真相 根底 本相 身份 内幕 实情
情况
情况 底细 心 基础 底子 根本 身份 底 根据 身体
第一节 将 章太炎 的 一生 分为 三个 阶段 加以 论述 ， 力求 展示 他 庄子 学 研究 的 概貌 。	概貌	n	18	大概 概况 概观 大意 大纲 纲要 概略 大要 概要 简况 大概状况 大略 概述 全貌
规律
规律 概况 形式 概貌 概念 范围 状况 状态 概 形容
好 的 痔疮膏 是 哪款 ？ 解答 目前 市面 上 好 的 痔疮膏	市面	n	8	市场 销售 商海 市情 市道
市场
市场 市面 市 面 国内 网络 世面 世上 网上
杜特 尔特 的 言论 引发 了 一部分 人 的 担忧 。 美国 《 军队 时报 》 援引 新 美国 安全 中心 学者 克罗 宁 的 分析 称 ， “ 杜特 尔特 正 把 美菲 同盟 置于 危险 境地 ” 。	境地	n	37	环境 状态 处境 境域 地步 情境 情况 状况 地方 情形 情状 境况 地带
状态
状态 境地 境界 状况 地位 环境 境 处境 地带 处置
这些 都 是 进行 中受 孕期 的 征候 。	征候	n	7	标志 现象 迹象 征象 症状 先兆 形迹 预兆 征兆 苗头 前兆
征兆
征兆 时候 现象 时间 症状 表现 征候 征 时期 事
主要 对 问题 的 缘起 以及 相关 的 概念 等 作个 交代 ， 为 后文 的 论述 做好 铺垫 。	缘起	n	4	来历 来由 由来 出处 起因 起源 缘由 来源 原因 导火线
源头
源头 起源 缘起 渊源 起 起因 起点 缘
莫斯科 市长 办公室 以 暑假 为 托词 ， 拒绝 对此 作出 官方 评价 。	托词	n	6	借口 理由 由 由头 假托 挡箭牌 饰词
借口
借口 托词 托辞 托 词 代价 借词 代词
现在 是 美国之音 慢速 英语词汇 掌故 节目 。	掌故	n	5	典故 轶事 经典 逸事
的
的 掌握 讲座 学习 讲解 精选 掌 精彩 讲习 练习
冰冻三尺 ， 非一日之寒 。 愈加 勤奋 的 进修 ， 愈加 勤奋 的 操练 ， 你 所 付出 的 一切 将会 获得 上帝 的 报答 ， 上帝 是 公道 的 。	公道	n	27	公平 公正 正义 中立 平等 一视同仁
公正
公正 真诚 明白 公道 理性 正义 真正 好 理智 正常
每 一个 厂家 都 精挑细选 ， 每一款 产品 都 力求 品质 ， 每一款 价格 都 实在 公道 ！	公道	n	16	便宜 低 合理 实惠 合适 低价 低廉 廉价
实惠
实惠 真实 公道 实在 真心 的 道 公司 亲情
在 苏笑柏 的 作品 中 ， 看不见 宏伟 的 叙事 结构 ， 却 有 著 参透 禅机 的 抽象 风景 。	禅机	n	16	禅 玄机 佛法 佛学 道理 奥秘 奥妙 玄秘 秘密
心灵
心灵 玄机 灵魂 心情 禅机 禅 心机 着 灵机
南隐 是 日本 明治 时期 （ 1868 - 1912 ） 的 一位 禅师 。 某日 ， 一个 大学教授 前来 向 南隐 禅师 请教 禅机 。	禅机	n	23	禅 玄机 佛法 道理 奥秘 奥妙 玄秘 问题 疑问
佛法
佛法 禅 禅师 佛学 禅机 茶道 机 袈裟
如今 ， 韶华 已逝 ， 我 的 小船 搁浅 在 岸上 ， 我 听到 了 万物 的 深沉 的 乐曲 ， 苍穹 也 向 我 敞开 缀 满 繁星 的 胸怀 。	韶华	n	2	时间 时光 日子 年华 光阴 光华 韶光 年月 岁月 流年 年光 青春
光阴
韶华 光阴 时光 韶光 时间 光辉 华 我 光华
最近 她 多次 向 我 抛 秋波 ， 我 觉得 有 必要 疏远 她 。	秋波	n	6	眼神 目光 媚眼 好意 眼光 传情
微笑
微笑 手 秋波 鸡毛 微波 秋
眉宇 透着 英气 ， 嘴角 洋溢 笑意 ， 东北 男人 的 刚毅 中 糅合 着 温情 ， 这 就是 他 给 我 的 印象 。	英气	n	2	帅气 豪气 秀气 俊美 气概 骨气 浩气 英俊 风骨 豪迈
英俊
英俊 秀气 美丽 英气 气 俊美 英 雄厚 秀俊 美味
对于 某些 国家 和 地区 来说 ， 这个 主意 有 法律 上 的 瑕疵 ， 这 促使 我们 在 游戏 中 放弃 它 。	瑕疵	n	13	问题 缺点 毛病 短处 缺陷 坏处 弱点 欠缺 污点 漏洞 不足
缺陷
缺陷 瑕疵 缺点 漏洞 问题 疵点
两个 多 世纪 后 ， 他 关于 民族 国家 的 观点 被 奉为 圭臬 。	圭臬	n	13	准则 标准 范例 榜样 信条 纲领 法度 典范
真理
真理 圣经 神话 神圣 真谛 神经
走进 第八十 街 和 第九十 街 ， 你 会 看到 有着 浓厚 文化 底蕴 的 住宅区 。	底蕴	n	13	基础 气息 背景 底子 内涵 根底 功底 根基 沉淀 积累
内涵
内涵 底蕴 基础 气息 底 内容 氛围 基因 味 气质
在 正念 的 作用 下 ， 我们 让 自己 处于 当下 ， 这是 为了 感触 这一 时刻 生命 中 正在 发生 的 奇迹 。	感触	n	14	感受 感觉 体会 领会 体悟 感应 经历 感慨
感受
感受 感觉 体会 理解 体验 感触 感 接受 领悟 接触
岩石 那么 大 ， 他本 可以 在 那儿 休息 晚上 ， 美美 的 睡 上 一觉 ， 但 昨晚 他 却 在 梦魇 中 度过 。	梦魇	n	22	噩梦 恶梦 梦 梦境 幻境
噩梦
噩梦 梦魇 梦 幻觉 睡梦 睡眠 梦寐 幻梦
而 这个 幸运 的 国度 就是 世界 四大 文明古国 之一 — — 印度 。	国度	n	4	国家 国 区域 地方 地域
国家
国家 国度 地方 地区 印度 国 世界 世家
在 楼上 长廊 可 纵观 浩瀚 的 江景 ， 相传 乾隆皇帝 曾 在 阁 上 检阅 水师 。	水师	n	16	水军 海军 水兵 舟师 军队 海员 船队 舰队 清军 兵马
过
过 师 江水 船员 河道 师傅 师父
到 了 魏晋 更 形成 了 一套 风骨 ， 将 我 华夏文化 的 精华 展露 无疑 。	风骨	n	7	骨气 风格 风气 作风 气概 傲骨 风尚 气魄 刚强品格 文风 写法 规范 气质
风格
风格 风骨 文化 风 风貌 骨 精髓 气魄 文风 血统
预算 委员会 的 长篇 报告 的 梗概 已 提交 市长 批示 。	梗概	n	6	大意 大概 概况 概要 总结 要领 大纲 纲要 概略 主旨 大旨 概述
内容
内容 大概 梗概 概念 内涵 梗 概要 全文 全部 大致
2000 年 的 时候 ， 美国 的 财政 前景 非常 好 ， 然而 共和党 一 控制 白宫 ， 他们 就 通过 减税 ， 发动 资金 没有 着落 的 战争 而 挥霍 了 财政 盈余 。	盈余	n	33	多余 结余 剩余 富余 节余 余额
利润
利润 盈余 损失 亏损 赤字 利益 亏 盈 损益 亏欠
再者 ， 异性 之间 的 相互 吸引 更会 增强 这种 愉悦 感 ， 于是 自然法 的 第三 法则 就是 人类 有 自发 的 结合 倾向 。	愉悦	n	10	高兴 快乐 愉快 开心 喜悦 幸福 兴奋 欣喜 欢喜
快乐
快乐 愉悦 愉快 喜悦 喜欢 满足 快 幸福 满意 情
他 岂能 欺哄 一位 有 爱心 但 却 能 了解 万人 的 天父 吗 ？ 他 知道 在 人 一切 的 夸口 里 ， 潜伏着 惧怕 、 期望 和 悲观 。	惧怕	n	25	害怕 恐惧 畏惧 惊恐 畏怯
害怕
害怕 惧怕 恐惧 畏惧 怕 惧 恐怕 恐怖
那个 年代 ， 汤姆 有 一点 叛逆 ， 有 一个 梦想 就是 去 当 绿林好汉 。	绿林好汉	n	14	好汉 大侠 武士 土匪 强盗 盗匪 山贼 英雄 草寇
演员
演员 老师 老板 好人 老兵 警察 大师 黑帮的大 好汉 警官
本文 以 豫南 地区 已 发掘 的 八处 二里头 时期 遗存 为 研究 对象 ， 在 与 周邻 地区 同 时期 遗存 作 对比 研究 的 基础 上 ， 综合 分析 了 豫 南 地区 二里头 时期 遗存 的 分期 、 分区 以及 传播 路线 等 问题 。	豫	n	32	河南 河
鲁
豫 鲁 河南 河北 河
巨人 的 呐喊 ， 震荡 环宇 ， 让 群山 响应 ， 大海 回波 ！	呐喊	n	2	喊 叫喊 喊叫 叫 呼喊 叫声 呼唤 嚎 吼声 怒吼 高喊 狂喊 狂呼
呼唤
呐喊 呼唤 呼喊 喊叫 喊 吼叫 呼叫
该店 窗户 上 有 个 招牌 上 写 着 ： 苹果 -- 五 美分 六个 。	招牌	n	5	牌子 标志 牌 标语 木牌 告示 看板
标志
招牌 标志 牌子 商标 牌 标牌 标语 名牌 牌匾 名字
屋檐 上 精细 地 描着 粉红色 和 绿色 的 油漆 ， 还有 花卉 和 动物 的 雕刻 。	屋檐	n	0	房檐 边檐 檐 屋子 雨搭
墙壁
屋檐 墙壁 屋顶 房檐 房顶 窗户 檐 窗棂 楼台 顶
倾盆大雨 淋透 了 他 的 衣服 。	倾盆大雨	n	0	大雨 雨 豪雨 滂沱大雨 雨水 暴雨 瓢泼大雨
大雨
大雨 倾盆大雨 风雨 雨水 大风 风水
他 对 你 的 馈赠 婉言谢绝 了 。	馈赠	n	4	赠送 馈送 赠与 礼物 礼品 赠礼 赠给 赠予
赠送
馈赠 赠送 礼物 回报 回答 爱 回应 馈送 礼貌 恩爱
从 嫩 笋 冲破 坚冰 冻土 ， 至翠竿 穿云 剪雾 ， 都 永葆 虚心 的 人生 秉性 。	秉性	n	16	性格 本性 天性 个性 性情 性子 生性 禀性
使命
秉性 使命 质量 旨意
那 听 起来 时而 如 低语 ， 时面 如高 叫 的 忽 低 忽 高地 表达出来 的 极度 痛苦 和 受难 的 人生 ， 触动 着 每个 人 心扉 的 感受 ！	心扉	n	28	内心 心里 心灵 心 心头 心中 心房 心坎
内心
内心 心 肺腑 心扉 心里 身心 身体 内在 内里
四合院 是 以 正房 、 东西 厢房 围绕 中间 庭院 形成 平面 布局 的 传统 住宅 的 统称 。	正房	n	3	正屋 正厅 正室 房子 房屋 堂屋 主房 上房 大屋
正房
正房 正屋 房 正
我 是 正房 ， 你 是 小三儿 …	正房	n	2	正妻 原配 发妻 妻子 大老婆 老婆 夫人
小姐
正房 小姐 房 正屋 大姐 正
望 着 舷窗 外 德黑兰 的 灯光 使 我 想起 了 在 夜间 飞往 墨西哥城 。	舷窗	n	2	窗户 窗口 窗 窗子 船 机窗 机舱
窗户
窗户 舷窗 窗 舷 船舱 窗帘
正月 初七 是 人 日 ， 亦 称 “ 人胜节 ” 、 “ 人庆节 ” 、 “ 人口 日 ” 、 “ 人 七日 ” 等 。	正月	n	0	一月 二月 2月 元月 1月 农历一月
月
正月 月 年 十一
乔是 一个 打猎 的 老手 ， 史蒂夫 则 是 第一次 学 打猎 的 菜鸟 。	菜鸟	n	13	新手 菜鸡 生手 新兵
老人
老人 小鸟 新手 新人 老手 鸟 厨师 菜
网络 爬虫 是 一种 按照 一定 的 规则 ， 自动 地 抓取 万维网 信息 的 程序 或者 脚本 。	爬虫	n	1	程序 蜘蛛 机器人 脚本
蜘蛛
爬虫 蜘蛛 虫 爬 搜索 网站
下山 后 观看 了 众多 驴友 从 水帘洞 顶岩 降下来 ， 与 水帘洞 的 巨大 水帘 相戏 相玩 的 精彩表演 。	驴友	n	5	人 朋友 旅客 伙伴 游客 知音 旅友 好友 游人 同伴 旅人
朋友
朋友 游客 游人 人 好友 友 山民 好客
你 怎么 酱紫 啊 ~	酱紫	n	2	这样子 这样
这样
这样 这么 这个 酱 紫
还有 那么 多 时间 ， 那么 多 帅锅 等 着 你 呢 ！	帅锅	n	7	帅哥 男人 帅小伙
美女
美女 帅哥 人 美食 锅 好运 靓女 大牌
我 最近 网上 冲浪 的 时候 总能 刷到 好多 镁铝 哦 ！	镁铝	n	9	美女 姑娘 女人 美人
东西
东西 人 金币 黄金 分 铜币 金钱 金属
我 不是 骚年 。	骚年	n	2	少年 年轻人
我
我 男人 流氓 你 流水 男生 贱货 流年 贱人
当 他 知道 小 北鼻 是 弟弟 时 ， 还松 了 一口气 呢 。	北鼻	n	4	宝贝 婴儿 孩子 宝宝 小孩
北
北 西瓜 南 南京 东京
你学 了 很 长时间 英语 ， 但 仍然 无法 与 歪果仁 愉快 的 交谈 ？ 到底 哪里 出错 了 ？	歪果仁	n	10	外国人 老外
他们
他们 同学 别人 同事 他人 外国 同行 外界 外人 别家
偶 是 一个 没有 感情 的 写 论文 机器 。	偶	n	0	我 自己
我
我 偶 这
这 两个 小 盆友 运气 不错 ， 在 对 的 时间 对 的 地点 碰上 了 对 的 俱乐部 ， 恰巧 他们 又 都 会 踢球 。	盆友	n	3	朋友 小孩 孩子 伙伴
朋友
朋友 哥哥 的 宝贝 男人 宝宝 盆
一名 枪人 昨儿 在 弗 理工 宿舍 和 教学楼 发飚 ， 杀 了 至少 32 人 ， 早就 了 米国 新 的 最惨 枪击 记录 。	米国	n	19	美国
美国
美国 英国 国 法国 米
赵 传奇 来到 茶社 告诉 地下 站 的 同志 他 这次 要 带 着 鬼子 去 偷袭 宋家 营子 的 民兵 连 ， 让 他们 提前准备 下 。	鬼子	n	14	日本人 日本军人 日本军队 日本士兵 日军 敌人
敌人
敌人 鬼子 鬼 老子 敌军 子 日子 老虎
正如 老毛 在 大 饥荒 期间 说 的 ： 如果 粮食 不够 吃 ， 人民 都 会 饿死 。	老毛	n	1	毛泽东 毛主席 毛泽东主席 俄罗斯人
毛
毛 老
七十多年 前 “ 土八路 ” 也 会 打 贸易战 ？ 鬼子 老蒋 都 不是 对手 ！	老蒋	n	11	蒋介石 国民党首领 蒋主席 国民党
大陆
大陆 蒋 老
习大大 的 这个 决定 非常 正确 。	习大大	n	0	习近平 习主席 习近平主席
我们
我们 中国 中央 总统 大家 中共 总理
她 因为 她 男票 偷看 了 她 的 日记 很 生气 。	男票	n	3	男朋友 对象 男友 朋友
朋友
朋友 哥哥 男 老婆 老公 票 女友
他 因为 和 基友 们 打篮球 ， 放 了 女朋友 的 鸽子 。	基友	n	3	朋友 死党 好友 铁哥们 好朋友
朋友
朋友 亲戚 兄弟 友人 亲人 友 亲友 兄妹 基
我 马上 就要 去 枫叶国 了 。	枫叶国	n	4	加拿大
国外
国外 国内 国际 秋天 红色 枫叶 红叶 叶子 枫树
我 已经 到达 足球国 了 。	足球国	n	3	巴西 德国
中国
中国 世界 国家 国内 球场 世纪 足球 中间 足坛
袋鼠国 的 一位 艺术 砖家 在 一尊 准备 拍卖 的 古董 木雕 内 ， 发现 了 一张 罕有 的 ， 大明 帝国时代 遗留下来 的 纸币 。	袋鼠国	n	0	澳大利亚 国家 澳洲
美国
美国 中国 德国 英国 中间 美洲 英镑 中华
不 知道 的话 就 问问 度娘 吧 。	度娘	n	5	百度 搜索引擎 百度搜索
搜索
搜索 网站 网友 我 豆荚
这次 选秀 是 鹅厂 搞 的 。	鹅厂	n	3	腾讯
我
我 谁 天才 飞机 天堂
介个 家伙 到底 是 神马 ？	神马	n	4	啥 什么 甚么 东西
什么
什么 啥 神 哪个
这 可是 我们 的 叫兽 。	叫兽	n	4	教授 专家 老师 教员
朋友
朋友 国家 天下 家 名字 天地 国旗 天使 狗 名人
砖家 们 建议 年轻人 去 中小城市 就业 固然 有 他们 的 道理 ， 但 许多 时候 说 的 容易 做 起来 难 。	砖家	n	0	专家
学生
学生 我 专家 学者 家 大家 商人 商家 砖头 专人
我 问 她 是否 要 加大 ， 她 就 拿手 上 的 包打 我 ， 说 我 把 她 这样 一个 窈窕淑女 称为 加大 号 是 何等 魂淡 。	魂淡	n	27	混蛋 王八蛋 坏蛋
美丽
美丽 可爱 尊重 美好 可笑 的 可怕 美妙 尊严 美
我 举个 栗子 吧 。	栗子	n	2	例子 事例 案例 比方
例子
例子 例 栗子 实例 栗 案例 例证 举例 案子 案件
他们 正在 画 一座 沙雕 城堡 。	沙雕	n	4	沙制 沙堆 沙子
雕塑
雕塑 雕刻 石雕 石刻 沙雕 水泥 木雕 水晶 新 小
你 真是 个 沙雕 。	沙雕	n	3	傻子 傻吊 傻瓜 弱智 憨憨 傻 脑残
大人
大人 沙 女人 女神 天才 天使 人 沙雕 沙子 天子
在 越战 结束 后 80 年代 中期 ， 俄罗斯 为 对抗 在 美国 地区 影响力 ， 给 越南 装上 了 獠牙 。	獠牙	n	20	武器 牙齿 装备 凶恶 武装 利爪
牙
獠牙 牙 舌头 毒牙 龅牙
喜羊羊 是 青青草原 上 的 智多星 ， 脖子 上 有 个 小 铃铛 。	智多星	n	5	智者 聪明人 神算子 智囊 聪明 诸葛亮
聪慧
聪慧
这个 观邸 还 真是 好看 呢 。	观邸	n	1	住宅 房子 屋子 家 宅子 宅邸 别墅 官府 大厦 府第 公馆
设计
设计 风格 观念 风景 外观 观 图 设备 观察 颜色
从 这个 角度看 ， 如果 批准 人民币 大幅 升值 ， 可能 导致 出口 行业 就业 锐减 ， 价格 更为 低廉 的 进口商品 将 危及 到 数千万 农民 ， 因此 会 是 比较 危险 的 抉择 。	抉择	n	34	选择 决定 决议 决断
选择
选择 抉择 决定 选 结果 决策 结论 选项 策略
本 实用新型 是 一种 用于 提醒 人们 保持 肃静 的 声控 提示 灯 。	肃静	n	8	安静 清静 寂静 静 严肃 平静 僻静 庄严 冷静 宁静 幽静 没有声音
安静
安静 平静 安全 肃静 静 冷静 平稳 平衡 安定 静止
而 诗 人们 却 在 那里 矫情 地说 这场 雪好 啊 ， 缓解 了 诗 人们 冬天 没雪 的 焦渴 与 困窘 ， 他们 要 在 雪 中 得到 宁静 。	困窘	n	21	倒霉 背运 为难 窘迫 困境 困顿 尴尬 困难 窘困 窘况 不幸 艰难局面
窘迫
窘迫 困难 困窘 贫困 贫穷 艰难 窘 窘境 艰苦 困
为什么 有 那么 多 农村 劳工 的 生活 如此 困窘 呢 ？	困窘	n	9	不幸 困难 不好 贫困 窘迫 艰难 困顿 倒霉 穷困 贫穷
困难
困难 窘迫 贫困 困窘 艰难 贫穷 艰苦 窘 困境 贫乏
我 想到 的 下 一个 是 倭瓜 ， 再其次 是 南瓜 和 葫芦 。	倭瓜	n	6	南瓜 瓜 植物 菜瓜 番瓜 农作物
南瓜
南瓜 冬瓜 倭瓜 西瓜 冬笋 瓜 冬菜 芦
尽管 阿根廷 蚂蚁 对 一些 在 加州 应用 于 柑橘 的 杀虫剂 很 敏感 ， 化学药品 没有 起到 特别 的 影响 。	柑橘	n	9	橘子 柑 桔 桔子 水果
香蕉
香蕉 柑橘 苹果 橘子 柠檬 柑 橘 香槟 香草
盗贼 们 同意 把 赃物 瓜分 掉 。	盗贼	n	0	强盗 小偷 贼 匪 土匪 盗匪 偷盗者 匪盗
盗贼
盗贼 盗匪 窃贼 警察 贼 他
他们 只是 猫哭 耗子 假慈悲 。 葬礼 上 流下 几滴 伤心 的 眼泪 只不过 是因为 老人 死后 ， 他们 可以 得到 大笔 财产 。	耗子	n	3	老鼠 鼠
老鼠
老鼠 耗子 狮子 孩子 的 老子 老人 孩童
经济 下滑 ， 房市 首当其冲 ， 噩耗 频传 ， 新建 住房 销售额 降至 1991 年 以来 最低水平 。	噩耗	n	6	消息 坏消息 凶耗 悲讯 凶信 灾难
消息
消息 噩耗 消耗 耗
肉碱 是 一种 营养 ， 帮助 人体 脂肪 转化 为 能量 。	脂肪	n	7	油脂 油 肥肉 体脂 膘
热量
脂肪 热量 肥胖 油脂 肥肉 热能
于是 心中 一阵 莫名 的 狂喜 ， 我 终于 见识 到 了 真正 的 火焰山 。	狂喜	n	5	高兴 快乐 欢乐 欢喜 开心 喜悦 欣喜 愉悦 兴奋
喜悦
喜悦 狂喜 欢喜 惊讶 欢乐 惊喜 狂欢 疯狂 喜欢 喜
洞 顶上 一片片 灰色 的 海 蛸 闪闪发光 ， 一堆堆 软 珊瑚 披 着 淡淡的 杏黄色 衣裳 。	衣裳	n	16	衣服 衣 服装 衣物 外衣 服饰
衣服
衣裳 衣服 服装 衣 服饰 衣裙
所有 肖邦 现存 的 作品 都 有 钢琴 的 部分 （ 大多数 情况 钢琴 作为 独奏 乐器 ） ， 他 的 作品 被 广泛 认同 为 钢琴演奏 曲目 中 的 极品 。	极品	n	30	经典 最佳 最好 最好作品 名作 佳作 精品 杰作 上等 上品 绝世之作 一流 名篇 顶尖 绝品 绝唱 力作
精品
精品 品 极品 最佳 精神 极 精美
李启铭 的 嚣张跋扈 触动 了 敏感话题 ， 因为 这 看起来 是 再 熟悉 不过 的 事例 。	嚣张跋扈	n	2	嚣张 放肆 狂 张扬 强横 狂妄 骄横 自大 横行霸道 气焰嚣张 自负 霸道 猖狂 傲慢 膨胀
张扬
嚣张跋扈 张扬 撒谎 嚣张 猖狂 跋扈
小说 主人公 桑提 亚哥 也 成为 文学史 上 著名 的 硬汉 形象 ， 这部 作品 充分 展现 了 人类 的 一种 精神 ， 充分 表现 了 人类 的 智慧 、 刚毅 和 坚韧 。	刚毅	n	30	坚强 顽强 刚强 不屈 刚 刚正 坚韧 坚毅 强硬 钢铁 刚烈 刚直 有毅力
坚毅
坚毅 刚毅 坚强 坚韧 刚强 强壮 强大 爱 刚健 硬朗
生活 方式 是 人类 由 荒蛮 不断 走向 文明 的 一个 历史性 演化过程 ， 人 的 思维 与 人 所 使用 的 工具 之间 的 互动 是 达 至 这 一 演化 的 决定性 力量 。	荒蛮	n	5	荒漠 荒凉 野蛮 荒诞 萧条 蛮横 文化落后 无知 荒废 强横 粗俗 霸道 荒芜
野蛮
野蛮 农村 农业 野兽 荒谬 荒 蛮
我 的 梦 中会 有 对 生活 宁静 的 渴盼 ， 我 的 梦 中会 有 对 独立 人格 的 追求 ， 我 的 梦 中会 有 对 实现 自我 价值 的 理想 。	渴盼	n	9	渴望 希望 期望 期盼 盼望 憧憬
渴望
渴望 期待 期盼 盼望 希望 期望 希冀 渴求 渴盼 盼
鄙人 所购 的 大部分 书籍 ， 所用 之款 本 应用 于 所谓 生活必需品 。	鄙人	n	0	我 自己 在下
本人
本人 我们 鄙人 人 愚人
俺 们 不用 导航 也 能 到 那 可以 。	俺	n	0	我
我
我 咱 俺
年龄 虽 渐渐 削去 了 女人 的 美丽 ， 如果 有 美丽 的 身材 ， 还是 想尽 显 女人 的 端庄 、 高贵 和 优雅 。	端庄	n	20	庄重 庄严 稳重 凝重 沉稳 大方 端详 得体 高雅 安详 稳健
高雅
端庄 高雅 雅致 严肃 严谨 美 纤细 高贵 庄
只是 邻居 的 怜悯 和 朋友 的 接济 才 使得 他 的 妻子 不至于 饿死 。	接济	n	7	帮助 救济 援手 援助 支持 给予 扶助 周济 施舍
帮助
帮助 接济 扶助 济 扶植 帮扶 连接 承接
“ 复礼 ” 之礼 既 是 一种 文明 的 概念 ， 也 是 一种 伪饰 人类 行为 的 桎梏 。	桎梏	n	18	约束 管束 束缚 限制 困住 镣铐 铁链 拘束 枷锁
束缚
束缚 桎梏 枷锁 羁绊
施有 魔法 的 财宝 散发出 滚滚 热浪 ， 哈利 竭力 思考 着 拿 杯子 的 办法 ， 汗水 顺着 他 的 面颊 和 脊背 往下 直淌 。	脊背	n	23	背部 背 脊梁 后背 脊椎
肩膀
脊背 肩膀 胸膛 背 脊柱 肩胛 胸部 脊椎 颈椎 驼背
SRCH 是 一个 文件 搜索 工具 ， 设计 来 连接 或 检查 大 文件 （ 达到 2GB ） 中 的 数据 。	搜索	n	4	寻找 查找 搜寻 查询 找寻 检索 搜查 搜罗 索引
搜索
搜索 搜寻 查找 分析 检索 检查 查询 管理 检测 查看
最 常用 的 雷达 能量 回程 测绘 形式 是 基本 反射率 图 。	测绘	n	6	测量 描绘 检测 绘图 绘制 测算 测试 勘测
测绘
测绘 绘图 观测 绘画 绘制 观察 绘 的
南果梨 因 其 色泽 鲜艳 、 果肉 细腻 、 爽口 多汁 、 风味 香浓 ， 所以 素有 “ 梨 中之王 ” 的 美誉 。	美誉	n	22	称号 名望 名字 称呼 名誉 名称 美名 赞誉 盛誉 名号 好名声
称号
美誉 称号 名号 称 美称 名誉 称谓 名称 称誉
但 我 无法 描述 那 微妙 的 瞬间 顷刻 产生 的 震撼 和 神秘 。	震撼	n	11	打动 感动 触动 震动 惊讶 激动 拨动 震惊 惊动 颤动 撼动
震惊
震撼 震惊 震 震慑 惊叹 惊吓 撼 压惊
但丁 是 意大利 伟大 的 诗人 、 散文 作家 。 他 的 传世 杰作 《 神曲 》 是 世界 文学 的 一个 里程碑 。	杰作	n	13	佳作 名作 作品 大作 巨作 著作 名篇 雄文 名著 精品
作品
杰作 作品 佳作 诗篇 诗集 作 诗作 诗 佳品
